canonical_name,current_exercise_type,current_movement_pattern,current_equipment_required,proposed_family,proposed_base_movement,physical_variant_attributes,prescription_or_protocol_attributes,visual_identity_candidate,catalog_disposition,confidence,notes
Push-Up,strength,horizontal_push,bodyweight,horizontal_press,push_up,equipment=bodyweight,,visual_push_up,RETAIN_DISTINCT,high,Manually re-reviewed semantic classification from current canonical name and catalog fields; no runtime meaning changed.
Incline Push-Up,strength,horizontal_push,bodyweight; adjustable_bench,horizontal_press,push_up,equipment=bodyweight+adjustable_bench; support_type=bench; bench_angle=incline,,visual_incline_push_up,RETAIN_AS_STRUCTURED_VARIANT,high,Manually re-reviewed semantic classification from current canonical name and catalog fields; no runtime meaning changed.
Bodyweight Squat,strength,squat,bodyweight,bilateral_knee_dominant,squat,equipment=bodyweight,,visual_bodyweight_squat,RETAIN_DISTINCT,high,Manually re-reviewed semantic classification from current canonical name and catalog fields; no runtime meaning changed.
Reverse Lunge,strength,lunge,bodyweight,unilateral_knee_dominant,reverse_lunge,equipment=bodyweight; stance=split,,visual_reverse_lunge,RETAIN_AS_STRUCTURED_VARIANT,high,Manually re-reviewed semantic classification from current canonical name and catalog fields; no runtime meaning changed.
Split Squat,strength,lunge,bodyweight,unilateral_knee_dominant,split_squat,equipment=bodyweight; stance=split,,visual_split_squat,RETAIN_AS_STRUCTURED_VARIANT,high,Manually re-reviewed semantic classification from current canonical name and catalog fields; no runtime meaning changed.
Glute Bridge,strength,hinge,bodyweight,hip_extension,glute_bridge,equipment=bodyweight,,visual_glute_bridge,RETAIN_AS_STRUCTURED_VARIANT,high,Manually re-reviewed semantic classification from current canonical name and catalog fields; no runtime meaning changed.
Plank,core,core_anti_extension,bodyweight,core_anti_extension,plank,equipment=bodyweight,,visual_plank,RETAIN_DISTINCT,high,Manually re-reviewed semantic classification from current canonical name and catalog fields; no runtime meaning changed.
Side Plank,core,core_anti_rotation,bodyweight,lateral_core_stability,side_plank,equipment=bodyweight; execution_mode=isometric,,visual_side_plank,RETAIN_AS_STRUCTURED_VARIANT,high,Manually re-reviewed semantic classification from current canonical name and catalog fields; no runtime meaning changed.
Dead Bug,core,core_anti_extension,bodyweight,core_anti_extension,dead_bug,equipment=bodyweight,,visual_dead_bug,RETAIN_DISTINCT,high,Manually re-reviewed semantic classification from current canonical name and catalog fields; no runtime meaning changed.
Mountain Climber,conditioning,conditioning,bodyweight,ground_conditioning,mountain_climber,equipment=bodyweight,,visual_mountain_climber,RETAIN_AS_STRUCTURED_VARIANT,high,Manually re-reviewed semantic classification from current canonical name and catalog fields; no runtime meaning changed.
Inverted Row,strength,horizontal_pull,bodyweight,rowing,row,equipment=bodyweight,,visual_inverted_row,RETAIN_DISTINCT,high,Manually re-reviewed semantic classification from current canonical name and catalog fields; no runtime meaning changed.
Dumbbell Bench Press,strength,horizontal_push,dumbbell; adjustable_bench,horizontal_press,bench_press,equipment=dumbbell+adjustable_bench; support_type=bench,,visual_dumbbell_bench_press,RETAIN_DISTINCT,high,Manually re-reviewed semantic classification from current canonical name and catalog fields; no runtime meaning changed.
Incline Dumbbell Press,strength,horizontal_push,dumbbell; adjustable_bench,horizontal_press,bench_press,equipment=dumbbell+adjustable_bench; support_type=bench; bench_angle=incline,,visual_incline_dumbbell_press,RETAIN_AS_STRUCTURED_VARIANT,high,Manually re-reviewed semantic classification from current canonical name and catalog fields; no runtime meaning changed.
Dumbbell Shoulder Press,strength,vertical_push,dumbbell,vertical_press,overhead_press,equipment=dumbbell,,visual_dumbbell_shoulder_press,RETAIN_DISTINCT,high,Manually re-reviewed semantic classification from current canonical name and catalog fields; no runtime meaning changed.
One-Arm Dumbbell Row,strength,horizontal_pull,dumbbell; adjustable_bench,rowing,row,equipment=dumbbell+adjustable_bench; support_type=bench; laterality=unilateral,,visual_one_arm_dumbbell_row,RETAIN_DISTINCT,high,Manually re-reviewed semantic classification from current canonical name and catalog fields; no runtime meaning changed.
Dumbbell Row,strength,horizontal_pull,dumbbell,rowing,dumbbell_row,equipment=dumbbell,,visual_dumbbell_row,RETAIN_AS_STRUCTURED_VARIANT,high,Manually re-reviewed semantic classification from current canonical name and catalog fields; no runtime meaning changed.
Chest-Supported Dumbbell Row,strength,horizontal_pull,dumbbell; adjustable_bench,rowing,row,equipment=dumbbell+adjustable_bench; support_type=bench; body_position=chest_supported,,visual_chest_supported_dumbbell_row,RETAIN_AS_STRUCTURED_VARIANT,high,Manually re-reviewed semantic classification from current canonical name and catalog fields; no runtime meaning changed.
Chest-Supported Row,strength,horizontal_pull,dumbbell; adjustable_bench,rowing,row,equipment=dumbbell+adjustable_bench; support_type=bench; body_position=chest_supported,,visual_chest_supported_row,ALIAS_OR_DUPLICATE_CANDIDATE,medium,Possible equivalent to Chest-Supported Dumbbell Row; remains separate until setup/instruction/media review confirms an alias.
Dumbbell RDL,strength,hinge,dumbbell,hip_hinge,romanian_deadlift,equipment=dumbbell,,visual_dumbbell_rdl,RETAIN_AS_STRUCTURED_VARIANT,high,Manually re-reviewed semantic classification from current canonical name and catalog fields; no runtime meaning changed.
Goblet Squat,strength,squat,dumbbell,bilateral_knee_dominant,goblet_squat,equipment=dumbbell; load_position=goblet,,visual_goblet_squat,RETAIN_DISTINCT,high,Manually re-reviewed semantic classification from current canonical name and catalog fields; no runtime meaning changed.
Dumbbell Split Squat,strength,lunge,dumbbell,unilateral_knee_dominant,split_squat,equipment=dumbbell; stance=split,,visual_dumbbell_split_squat,RETAIN_AS_STRUCTURED_VARIANT,high,Manually re-reviewed semantic classification from current canonical name and catalog fields; no runtime meaning changed.
Dumbbell Reverse Lunge,strength,lunge,dumbbell,unilateral_knee_dominant,reverse_lunge,equipment=dumbbell; stance=split,,visual_dumbbell_reverse_lunge,RETAIN_AS_STRUCTURED_VARIANT,high,Manually re-reviewed semantic classification from current canonical name and catalog fields; no runtime meaning changed.
Dumbbell Lateral Raise,strength,vertical_push,dumbbell,shoulder_elevation,lateral_raise,equipment=dumbbell,,visual_dumbbell_lateral_raise,RETAIN_AS_STRUCTURED_VARIANT,high,Manually re-reviewed semantic classification from current canonical name and catalog fields; no runtime meaning changed.
Dumbbell Curl,strength,arms_biceps,dumbbell,elbow_flexion,curl,equipment=dumbbell,,visual_dumbbell_curl,RETAIN_AS_STRUCTURED_VARIANT,high,Manually re-reviewed semantic classification from current canonical name and catalog fields; no runtime meaning changed.
Dumbbell Triceps Extension,strength,arms_triceps,dumbbell,elbow_extension,triceps_extension,equipment=dumbbell,,visual_dumbbell_triceps_extension,RETAIN_AS_STRUCTURED_VARIANT,high,Manually re-reviewed semantic classification from current canonical name and catalog fields; no runtime meaning changed.
Farmer Carry,conditioning,carry,dumbbell,loaded_carry,farmer_carry,equipment=dumbbell; laterality=bilateral; load_position=sides; locomotion_mode=walk,,visual_farmer_carry,RETAIN_AS_STRUCTURED_VARIANT,high,Manually re-reviewed semantic classification from current canonical name and catalog fields; no runtime meaning changed.
Barbell Squat,strength,squat,barbell; rack; plates,bilateral_knee_dominant,barbell_squat_unspecified,equipment=barbell+rack+plates,,visual_barbell_squat,TAXONOMY_REVIEW_REQUIRED,medium,Umbrella name beside Back Squat leaves bar position unspecified and needs catalog-owner definition.
Back Squat,strength,squat,barbell; rack; plates,bilateral_knee_dominant,back_squat,equipment=barbell+rack+plates,,visual_back_squat,RETAIN_AS_STRUCTURED_VARIANT,high,Manually re-reviewed semantic classification from current canonical name and catalog fields; no runtime meaning changed.
Front Squat,strength,squat,barbell; rack; plates,bilateral_knee_dominant,squat,equipment=barbell+rack+plates; load_position=front_rack,,visual_front_squat,RETAIN_AS_STRUCTURED_VARIANT,high,Manually re-reviewed semantic classification from current canonical name and catalog fields; no runtime meaning changed.
Barbell Bench Press,strength,horizontal_push,barbell; rack; plates; adjustable_bench,horizontal_press,bench_press,equipment=barbell+rack+plates+adjustable_bench; support_type=bench,,visual_barbell_bench_press,RETAIN_AS_STRUCTURED_VARIANT,high,Manually re-reviewed semantic classification from current canonical name and catalog fields; no runtime meaning changed.
Overhead Press,strength,vertical_push,barbell; plates,vertical_press,overhead_press,equipment=barbell+plates,,visual_overhead_press,RETAIN_AS_STRUCTURED_VARIANT,high,Manually re-reviewed semantic classification from current canonical name and catalog fields; no runtime meaning changed.
Barbell Row,strength,horizontal_pull,barbell; plates,rowing,barbell_row,equipment=barbell+plates,,visual_barbell_row,RETAIN_AS_STRUCTURED_VARIANT,high,Manually re-reviewed semantic classification from current canonical name and catalog fields; no runtime meaning changed.
Romanian Deadlift,strength,hinge,barbell; plates,hip_hinge,romanian_deadlift,equipment=barbell+plates,,visual_romanian_deadlift,RETAIN_DISTINCT,high,Manually re-reviewed semantic classification from current canonical name and catalog fields; no runtime meaning changed.
Conventional Deadlift,strength,hinge,barbell; plates,hip_hinge,conventional_deadlift,equipment=barbell+plates,,visual_conventional_deadlift,RETAIN_AS_STRUCTURED_VARIANT,high,Manually re-reviewed semantic classification from current canonical name and catalog fields; no runtime meaning changed.
Hip Thrust,strength,hinge,barbell; plates; adjustable_bench,hip_extension,hip_thrust,equipment=barbell+plates+adjustable_bench; support_type=bench,,visual_hip_thrust,RETAIN_AS_STRUCTURED_VARIANT,high,Manually re-reviewed semantic classification from current canonical name and catalog fields; no runtime meaning changed.
EZ-Bar Curl,strength,arms_biceps,ez_bar; plates,elbow_flexion,curl,equipment=ez_bar+plates,,visual_ez_bar_curl,RETAIN_AS_STRUCTURED_VARIANT,high,Manually re-reviewed semantic classification from current canonical name and catalog fields; no runtime meaning changed.
EZ-Bar Skull Crusher,strength,arms_triceps,ez_bar; plates; adjustable_bench,elbow_extension,skull_crusher,equipment=ez_bar+plates+adjustable_bench; support_type=bench,,visual_ez_bar_skull_crusher,RETAIN_AS_STRUCTURED_VARIANT,high,Manually re-reviewed semantic classification from current canonical name and catalog fields; no runtime meaning changed.
EZ-Bar Close-Grip Press,strength,horizontal_push,ez_bar; plates; adjustable_bench,horizontal_press,bench_press,equipment=ez_bar+plates+adjustable_bench; support_type=bench; grip=close,,visual_ez_bar_close_grip_press,RETAIN_AS_STRUCTURED_VARIANT,high,Manually re-reviewed semantic classification from current canonical name and catalog fields; no runtime meaning changed.
Pull-Up,strength,vertical_pull,pull_up_bar,vertical_pull,pull_up,equipment=pull_up_bar; grip=pronated,,visual_pull_up,RETAIN_AS_STRUCTURED_VARIANT,high,Manually re-reviewed semantic classification from current canonical name and catalog fields; no runtime meaning changed.
Chin-Up,strength,vertical_pull,pull_up_bar,vertical_pull,chin_up,equipment=pull_up_bar; grip=supinated,,visual_chin_up,RETAIN_AS_STRUCTURED_VARIANT,high,Manually re-reviewed semantic classification from current canonical name and catalog fields; no runtime meaning changed.
Band-Assisted Pull-Up,strength,vertical_pull,pull_up_bar; resistance_band,vertical_pull,pull_up,equipment=pull_up_bar+resistance_band,,visual_band_assisted_pull_up,RETAIN_AS_STRUCTURED_VARIANT,high,Manually re-reviewed semantic classification from current canonical name and catalog fields; no runtime meaning changed.
Hanging Knee Raise,core,core_anti_extension,pull_up_bar,trunk_flexion,hanging_knee_raise,equipment=pull_up_bar; execution_mode=dynamic,,visual_hanging_knee_raise,RETAIN_AS_STRUCTURED_VARIANT,high,Manually re-reviewed semantic classification from current canonical name and catalog fields; no runtime meaning changed.
Band Pull-Apart,strength,horizontal_pull,resistance_band,rear_delt_retraction,band_pull_apart,equipment=resistance_band,,visual_band_pull_apart,RETAIN_AS_STRUCTURED_VARIANT,high,Manually re-reviewed semantic classification from current canonical name and catalog fields; no runtime meaning changed.
Band Face Pull,strength,horizontal_pull,resistance_band,rear_delt_retraction,face_pull,equipment=resistance_band,,visual_band_face_pull,RETAIN_AS_STRUCTURED_VARIANT,high,Manually re-reviewed semantic classification from current canonical name and catalog fields; no runtime meaning changed.
Band Row,strength,horizontal_pull,resistance_band,rowing,row,equipment=resistance_band,,visual_band_row,RETAIN_AS_STRUCTURED_VARIANT,high,Manually re-reviewed semantic classification from current canonical name and catalog fields; no runtime meaning changed.
Band Triceps Pressdown,strength,arms_triceps,resistance_band,elbow_extension,triceps_pressdown,equipment=resistance_band,,visual_band_triceps_pressdown,RETAIN_AS_STRUCTURED_VARIANT,high,Manually re-reviewed semantic classification from current canonical name and catalog fields; no runtime meaning changed.
Band External Rotation,mobility,horizontal_pull,resistance_band,shoulder_rotation,external_rotation,equipment=resistance_band; execution_mode=dynamic,,visual_band_external_rotation,RETAIN_AS_STRUCTURED_VARIANT,high,Manually re-reviewed semantic classification from current canonical name and catalog fields; no runtime meaning changed.
Cable Row,strength,horizontal_pull,cable,rowing,cable_row,equipment=cable; movement_direction=horizontal,,visual_cable_row,RETAIN_AS_STRUCTURED_VARIANT,high,Manually re-reviewed semantic classification from current canonical name and catalog fields; no runtime meaning changed.
Cable Lat Pulldown,strength,vertical_pull,cable,vertical_pull,lat_pulldown,equipment=cable,,visual_cable_lat_pulldown,ALIAS_OR_DUPLICATE_CANDIDATE,medium,Possible equivalent to Lat Pulldown; remains separate until setup/instruction/media review confirms an alias.
Lat Pulldown,strength,vertical_pull,cable,vertical_pull,lat_pulldown,equipment=cable,,visual_lat_pulldown,RETAIN_AS_STRUCTURED_VARIANT,high,Manually re-reviewed semantic classification from current canonical name and catalog fields; no runtime meaning changed.
Cable Face Pull,strength,horizontal_pull,cable,rear_delt_retraction,face_pull,equipment=cable,,visual_cable_face_pull,RETAIN_AS_STRUCTURED_VARIANT,high,Manually re-reviewed semantic classification from current canonical name and catalog fields; no runtime meaning changed.
Cable Triceps Pressdown,strength,arms_triceps,cable,elbow_extension,triceps_pressdown,equipment=cable,,visual_cable_triceps_pressdown,RETAIN_AS_STRUCTURED_VARIANT,high,Manually re-reviewed semantic classification from current canonical name and catalog fields; no runtime meaning changed.
Cable Curl,strength,arms_biceps,cable,elbow_flexion,curl,equipment=cable,,visual_cable_curl,RETAIN_AS_STRUCTURED_VARIANT,high,Manually re-reviewed semantic classification from current canonical name and catalog fields; no runtime meaning changed.
Cable Lateral Raise,strength,vertical_push,cable,shoulder_elevation,lateral_raise,equipment=cable,,visual_cable_lateral_raise,RETAIN_AS_STRUCTURED_VARIANT,high,Manually re-reviewed semantic classification from current canonical name and catalog fields; no runtime meaning changed.
Cable Woodchop,core,core_anti_rotation,cable,rotational_core,woodchop,equipment=cable,,visual_cable_woodchop,RETAIN_AS_STRUCTURED_VARIANT,high,Manually re-reviewed semantic classification from current canonical name and catalog fields; no runtime meaning changed.
Leg Press,strength,squat,machine,bilateral_knee_dominant,leg_press,equipment=machine; support_type=machine,,visual_leg_press,RETAIN_AS_STRUCTURED_VARIANT,high,Manually re-reviewed semantic classification from current canonical name and catalog fields; no runtime meaning changed.
Machine Chest Press,strength,horizontal_push,machine,horizontal_press,machine_chest_press,equipment=machine; support_type=machine,,visual_machine_chest_press,RETAIN_AS_STRUCTURED_VARIANT,high,Manually re-reviewed semantic classification from current canonical name and catalog fields; no runtime meaning changed.
Machine Row,strength,horizontal_pull,machine,rowing,row,equipment=machine,,visual_machine_row,RETAIN_AS_STRUCTURED_VARIANT,high,Manually re-reviewed semantic classification from current canonical name and catalog fields; no runtime meaning changed.
Treadmill Walk,conditioning,conditioning,treadmill,treadmill_locomotion,treadmill_walk,equipment=treadmill; locomotion_mode=walk,,visual_treadmill_walk,RETAIN_DISTINCT,high,Manually re-reviewed semantic classification from current canonical name and catalog fields; no runtime meaning changed.
Treadmill Incline Walk,conditioning,conditioning,treadmill,treadmill_locomotion,treadmill_walk,equipment=treadmill; grade=incline; locomotion_mode=walk,,visual_treadmill_incline_walk,RETAIN_AS_STRUCTURED_VARIANT,high,Manually re-reviewed semantic classification from current canonical name and catalog fields; no runtime meaning changed.
Treadmill Intervals,conditioning,conditioning,treadmill,treadmill_locomotion,treadmill_locomotion_unspecified,equipment=treadmill; locomotion_mode=unspecified,protocol=intervals,visual_treadmill_intervals,PRESCRIPTION_OR_PROTOCOL_CANDIDATE,low,Canonical identity does not specify walk/jog/run; preserve that physical uncertainty and canonical ID until reviewed additive migration.
Bike Steady State,conditioning,conditioning,bike,stationary_cycling,stationary_bike,equipment=bike,protocol=steady_state,visual_stationary_bike,PRESCRIPTION_OR_PROTOCOL_CANDIDATE,medium,Likely describes programming of the identified physical base movement; preserve canonical ID until reviewed additive migration.
Bike Intervals,conditioning,conditioning,bike,stationary_cycling,stationary_bike,equipment=bike,protocol=intervals,visual_stationary_bike,PRESCRIPTION_OR_PROTOCOL_CANDIDATE,medium,Likely describes programming of the identified physical base movement; preserve canonical ID until reviewed additive migration.
Bear Crawl,conditioning,conditioning,bodyweight,quadrupedal_locomotion,bear_crawl,equipment=bodyweight,,visual_bear_crawl,RETAIN_AS_STRUCTURED_VARIANT,high,Manually re-reviewed semantic classification from current canonical name and catalog fields; no runtime meaning changed.
Bird Dog,core,core_anti_rotation,bodyweight,core_anti_rotation,bird_dog,equipment=bodyweight; execution_mode=dynamic,,visual_bird_dog,RETAIN_AS_STRUCTURED_VARIANT,high,Manually re-reviewed semantic classification from current canonical name and catalog fields; no runtime meaning changed.
Hollow Body Hold,core,core_anti_extension,bodyweight,core_anti_extension,hollow_hold,equipment=bodyweight; execution_mode=isometric,,visual_hollow_body_hold,RETAIN_AS_STRUCTURED_VARIANT,high,Manually re-reviewed semantic classification from current canonical name and catalog fields; no runtime meaning changed.
Hollow Rock,core,core_anti_extension,bodyweight,trunk_flexion,hollow_rock,equipment=bodyweight,,visual_hollow_rock,RETAIN_AS_STRUCTURED_VARIANT,high,Manually re-reviewed semantic classification from current canonical name and catalog fields; no runtime meaning changed.
Superman Hold,core,hinge,bodyweight,back_extension,superman_hold,equipment=bodyweight; execution_mode=isometric,,visual_superman_hold,RETAIN_AS_STRUCTURED_VARIANT,high,Manually re-reviewed semantic classification from current canonical name and catalog fields; no runtime meaning changed.
Walking Lunge,strength,lunge,bodyweight,unilateral_knee_dominant,walking_lunge,equipment=bodyweight; stance=split; locomotion_mode=walk,,visual_walking_lunge,RETAIN_AS_STRUCTURED_VARIANT,high,Manually re-reviewed semantic classification from current canonical name and catalog fields; no runtime meaning changed.
Lateral Lunge,strength,lunge,bodyweight,unilateral_knee_dominant,lateral_lunge,equipment=bodyweight; stance=split,,visual_lateral_lunge,RETAIN_AS_STRUCTURED_VARIANT,high,Manually re-reviewed semantic classification from current canonical name and catalog fields; no runtime meaning changed.
Wall Sit,strength,squat,bodyweight,bilateral_knee_dominant,wall_sit,equipment=bodyweight; execution_mode=isometric,,visual_wall_sit,RETAIN_AS_STRUCTURED_VARIANT,high,Manually re-reviewed semantic classification from current canonical name and catalog fields; no runtime meaning changed.
Standing Calf Raise,strength,conditioning,bodyweight,ankle_plantarflexion,calf_raise,equipment=bodyweight; body_position=standing,,visual_standing_calf_raise,TAXONOMY_REVIEW_REQUIRED,medium,Current conditioning pattern conflicts with calf-raise semantics.
Single-Leg Glute Bridge,strength,hinge,bodyweight,hip_extension,glute_bridge,equipment=bodyweight; laterality=unilateral,,visual_single_leg_glute_bridge,RETAIN_AS_STRUCTURED_VARIANT,high,Manually re-reviewed semantic classification from current canonical name and catalog fields; no runtime meaning changed.
Pike Push-Up,strength,vertical_push,bodyweight,vertical_press,pike_push_up,equipment=bodyweight,,visual_pike_push_up,RETAIN_AS_STRUCTURED_VARIANT,high,Manually re-reviewed semantic classification from current canonical name and catalog fields; no runtime meaning changed.
Close-Grip Push-Up,strength,horizontal_push,bodyweight,horizontal_press,push_up,equipment=bodyweight; grip=close,,visual_close_grip_push_up,RETAIN_AS_STRUCTURED_VARIANT,high,Manually re-reviewed semantic classification from current canonical name and catalog fields; no runtime meaning changed.
Tempo Push-Up,strength,horizontal_push,bodyweight,horizontal_press,push_up,equipment=bodyweight,protocol=tempo,visual_push_up,PRESCRIPTION_OR_PROTOCOL_CANDIDATE,medium,Likely describes programming of the identified physical base movement; preserve canonical ID until reviewed additive migration.
Decline Push-Up,strength,horizontal_push,bodyweight; adjustable_bench,horizontal_press,push_up,equipment=bodyweight+adjustable_bench; support_type=bench; bench_angle=decline,,visual_decline_push_up,RETAIN_AS_STRUCTURED_VARIANT,high,Manually re-reviewed semantic classification from current canonical name and catalog fields; no runtime meaning changed.
Bench Dip,strength,arms_triceps,bodyweight; adjustable_bench,elbow_extension,dip,equipment=bodyweight+adjustable_bench; support_type=bench,,visual_bench_dip,RETAIN_AS_STRUCTURED_VARIANT,high,Manually re-reviewed semantic classification from current canonical name and catalog fields; no runtime meaning changed.
Dumbbell Floor Press,strength,horizontal_push,dumbbell,horizontal_press,bench_press,equipment=dumbbell; support_type=floor,,visual_dumbbell_floor_press,RETAIN_AS_STRUCTURED_VARIANT,high,Manually re-reviewed semantic classification from current canonical name and catalog fields; no runtime meaning changed.
Dumbbell Fly,strength,horizontal_push,dumbbell; adjustable_bench,chest_fly,chest_fly,equipment=dumbbell+adjustable_bench; support_type=bench,,visual_dumbbell_fly,RETAIN_AS_STRUCTURED_VARIANT,high,Manually re-reviewed semantic classification from current canonical name and catalog fields; no runtime meaning changed.
Incline Dumbbell Fly,strength,horizontal_push,dumbbell; adjustable_bench,chest_fly,chest_fly,equipment=dumbbell+adjustable_bench; support_type=bench; bench_angle=incline,,visual_incline_dumbbell_fly,RETAIN_AS_STRUCTURED_VARIANT,high,Manually re-reviewed semantic classification from current canonical name and catalog fields; no runtime meaning changed.
Dumbbell Pullover,strength,horizontal_pull,dumbbell; adjustable_bench,shoulder_extension,dumbbell_pullover,equipment=dumbbell+adjustable_bench; support_type=bench; execution_mode=dynamic,,visual_dumbbell_pullover,RETAIN_AS_STRUCTURED_VARIANT,high,Manually re-reviewed semantic classification from current canonical name and catalog fields; no runtime meaning changed.
Arnold Press,strength,vertical_push,dumbbell,vertical_press,arnold_press,equipment=dumbbell,,visual_arnold_press,RETAIN_AS_STRUCTURED_VARIANT,high,Manually re-reviewed semantic classification from current canonical name and catalog fields; no runtime meaning changed.
Seated Dumbbell Shoulder Press,strength,vertical_push,dumbbell; adjustable_bench,vertical_press,overhead_press,equipment=dumbbell+adjustable_bench; support_type=bench; body_position=seated,,visual_seated_dumbbell_shoulder_press,RETAIN_AS_STRUCTURED_VARIANT,high,Manually re-reviewed semantic classification from current canonical name and catalog fields; no runtime meaning changed.
Dumbbell Front Raise,strength,vertical_push,dumbbell,shoulder_elevation,front_raise,equipment=dumbbell,,visual_dumbbell_front_raise,RETAIN_AS_STRUCTURED_VARIANT,high,Manually re-reviewed semantic classification from current canonical name and catalog fields; no runtime meaning changed.
Dumbbell Rear Delt Fly,strength,horizontal_pull,dumbbell,rear_delt_retraction,rear_delt_fly,equipment=dumbbell,,visual_dumbbell_rear_delt_fly,RETAIN_AS_STRUCTURED_VARIANT,high,Manually re-reviewed semantic classification from current canonical name and catalog fields; no runtime meaning changed.
Chest-Supported Rear Delt Fly,strength,horizontal_pull,dumbbell; adjustable_bench,rear_delt_retraction,rear_delt_fly,equipment=dumbbell+adjustable_bench; support_type=bench; body_position=chest_supported,,visual_chest_supported_rear_delt_fly,RETAIN_AS_STRUCTURED_VARIANT,high,Manually re-reviewed semantic classification from current canonical name and catalog fields; no runtime meaning changed.
Dumbbell Shrug,strength,horizontal_pull,dumbbell,scapular_elevation,shrug,equipment=dumbbell,,visual_dumbbell_shrug,RETAIN_AS_STRUCTURED_VARIANT,high,Manually re-reviewed semantic classification from current canonical name and catalog fields; no runtime meaning changed.
Dumbbell Upright Row,strength,vertical_push,dumbbell,shoulder_elevation,upright_row,equipment=dumbbell; movement_direction=vertical,,visual_dumbbell_upright_row,RETAIN_AS_STRUCTURED_VARIANT,high,Manually re-reviewed semantic classification from current canonical name and catalog fields; no runtime meaning changed.
Dumbbell Hammer Curl,strength,arms_biceps,dumbbell,elbow_flexion,hammer_curl,equipment=dumbbell; grip=hammer,,visual_dumbbell_hammer_curl,RETAIN_AS_STRUCTURED_VARIANT,high,Manually re-reviewed semantic classification from current canonical name and catalog fields; no runtime meaning changed.
Dumbbell Concentration Curl,strength,arms_biceps,dumbbell,elbow_flexion,concentration_curl,equipment=dumbbell; support_type=thigh,,visual_dumbbell_concentration_curl,RETAIN_AS_STRUCTURED_VARIANT,high,Manually re-reviewed semantic classification from current canonical name and catalog fields; no runtime meaning changed.
Dumbbell Zottman Curl,strength,arms_biceps,dumbbell,elbow_flexion,zottman_curl,equipment=dumbbell,,visual_dumbbell_zottman_curl,RETAIN_AS_STRUCTURED_VARIANT,high,Manually re-reviewed semantic classification from current canonical name and catalog fields; no runtime meaning changed.
Dumbbell Kickback,strength,arms_triceps,dumbbell; adjustable_bench,elbow_extension,triceps_kickback,equipment=dumbbell+adjustable_bench; support_type=bench,,visual_dumbbell_kickback,RETAIN_AS_STRUCTURED_VARIANT,high,Manually re-reviewed semantic classification from current canonical name and catalog fields; no runtime meaning changed.
Dumbbell Skull Crusher,strength,arms_triceps,dumbbell; adjustable_bench,elbow_extension,skull_crusher,equipment=dumbbell+adjustable_bench; support_type=bench,,visual_dumbbell_skull_crusher,RETAIN_AS_STRUCTURED_VARIANT,high,Manually re-reviewed semantic classification from current canonical name and catalog fields; no runtime meaning changed.
Dumbbell Close-Grip Press,strength,horizontal_push,dumbbell; adjustable_bench,horizontal_press,bench_press,equipment=dumbbell+adjustable_bench; support_type=bench; grip=close,,visual_dumbbell_close_grip_press,RETAIN_AS_STRUCTURED_VARIANT,high,Manually re-reviewed semantic classification from current canonical name and catalog fields; no runtime meaning changed.
Dumbbell Step-Up,strength,lunge,dumbbell; adjustable_bench,unilateral_knee_dominant,step_up,equipment=dumbbell+adjustable_bench; support_type=bench,,visual_dumbbell_step_up,RETAIN_AS_STRUCTURED_VARIANT,high,Manually re-reviewed semantic classification from current canonical name and catalog fields; no runtime meaning changed.
Dumbbell Lateral Lunge,strength,lunge,dumbbell,unilateral_knee_dominant,lateral_lunge,equipment=dumbbell; stance=split,,visual_dumbbell_lateral_lunge,RETAIN_AS_STRUCTURED_VARIANT,high,Manually re-reviewed semantic classification from current canonical name and catalog fields; no runtime meaning changed.
Dumbbell Bulgarian Split Squat,strength,lunge,dumbbell; adjustable_bench,unilateral_knee_dominant,split_squat,equipment=dumbbell+adjustable_bench; support_type=bench; stance=split,,visual_dumbbell_bulgarian_split_squat,RETAIN_AS_STRUCTURED_VARIANT,high,Manually re-reviewed semantic classification from current canonical name and catalog fields; no runtime meaning changed.
Dumbbell Sumo Squat,strength,squat,dumbbell,bilateral_knee_dominant,squat,equipment=dumbbell; stance=sumo,,visual_dumbbell_sumo_squat,RETAIN_AS_STRUCTURED_VARIANT,high,Manually re-reviewed semantic classification from current canonical name and catalog fields; no runtime meaning changed.
Dumbbell Front Squat,strength,squat,dumbbell,bilateral_knee_dominant,squat,equipment=dumbbell; load_position=front_rack,,visual_dumbbell_front_squat,RETAIN_AS_STRUCTURED_VARIANT,high,Manually re-reviewed semantic classification from current canonical name and catalog fields; no runtime meaning changed.
Dumbbell Single-Leg RDL,strength,hinge,dumbbell,hip_hinge,romanian_deadlift,equipment=dumbbell; laterality=unilateral,,visual_dumbbell_single_leg_rdl,RETAIN_AS_STRUCTURED_VARIANT,high,Manually re-reviewed semantic classification from current canonical name and catalog fields; no runtime meaning changed.
Dumbbell Hip Thrust,strength,hinge,dumbbell; adjustable_bench,hip_extension,hip_thrust,equipment=dumbbell+adjustable_bench; support_type=bench,,visual_dumbbell_hip_thrust,RETAIN_AS_STRUCTURED_VARIANT,high,Manually re-reviewed semantic classification from current canonical name and catalog fields; no runtime meaning changed.
Suitcase Carry,conditioning,carry,dumbbell,loaded_carry,suitcase_carry,equipment=dumbbell; laterality=unilateral; load_position=suitcase; locomotion_mode=walk,,visual_suitcase_carry,RETAIN_AS_STRUCTURED_VARIANT,high,Manually re-reviewed semantic classification from current canonical name and catalog fields; no runtime meaning changed.
Waiter Carry,conditioning,carry,dumbbell,loaded_carry,waiter_carry,equipment=dumbbell; laterality=unilateral; load_position=overhead; locomotion_mode=walk,,visual_waiter_carry,RETAIN_AS_STRUCTURED_VARIANT,high,Manually re-reviewed semantic classification from current canonical name and catalog fields; no runtime meaning changed.
Dumbbell Front Rack Carry,conditioning,carry,dumbbell,loaded_carry,front_rack_carry,equipment=dumbbell; load_position=front_rack; locomotion_mode=walk,,visual_dumbbell_front_rack_carry,RETAIN_AS_STRUCTURED_VARIANT,high,Manually re-reviewed semantic classification from current canonical name and catalog fields; no runtime meaning changed.
Dumbbell Calf Raise,strength,conditioning,dumbbell,ankle_plantarflexion,calf_raise,equipment=dumbbell,,visual_dumbbell_calf_raise,TAXONOMY_REVIEW_REQUIRED,medium,Current conditioning pattern conflicts with calf-raise semantics.
Pause Squat,strength,squat,barbell; rack; plates,bilateral_knee_dominant,barbell_squat_unspecified,equipment=barbell+rack+plates,protocol=pause,visual_pause_squat,PRESCRIPTION_OR_PROTOCOL_CANDIDATE,medium,Pause is protocol-like over the same under-specified barbell-squat template; unresolved Barbell Squat cannot anchor shared visual media.
Box Squat,strength,squat,barbell; rack; plates; adjustable_bench,bilateral_knee_dominant,squat,equipment=barbell+rack+plates+adjustable_bench; support_type=bench,,visual_box_squat,RETAIN_AS_STRUCTURED_VARIANT,high,Manually re-reviewed semantic classification from current canonical name and catalog fields; no runtime meaning changed.
Barbell Reverse Lunge,strength,lunge,barbell; rack; plates,unilateral_knee_dominant,reverse_lunge,equipment=barbell+rack+plates; stance=split,,visual_barbell_reverse_lunge,RETAIN_AS_STRUCTURED_VARIANT,high,Manually re-reviewed semantic classification from current canonical name and catalog fields; no runtime meaning changed.
Barbell Split Squat,strength,lunge,barbell; rack; plates,unilateral_knee_dominant,split_squat,equipment=barbell+rack+plates; stance=split,,visual_barbell_split_squat,RETAIN_AS_STRUCTURED_VARIANT,high,Manually re-reviewed semantic classification from current canonical name and catalog fields; no runtime meaning changed.
Barbell Good Morning,strength,hinge,barbell; rack; plates,hip_hinge,good_morning,equipment=barbell+rack+plates,,visual_barbell_good_morning,RETAIN_AS_STRUCTURED_VARIANT,high,Manually re-reviewed semantic classification from current canonical name and catalog fields; no runtime meaning changed.
Barbell Glute Bridge,strength,hinge,barbell; plates,hip_extension,glute_bridge,equipment=barbell+plates,,visual_barbell_glute_bridge,RETAIN_AS_STRUCTURED_VARIANT,high,Manually re-reviewed semantic classification from current canonical name and catalog fields; no runtime meaning changed.
Barbell Floor Press,strength,horizontal_push,barbell; plates,horizontal_press,bench_press,equipment=barbell+plates; support_type=floor,,visual_barbell_floor_press,RETAIN_AS_STRUCTURED_VARIANT,high,Manually re-reviewed semantic classification from current canonical name and catalog fields; no runtime meaning changed.
Close-Grip Bench Press,strength,horizontal_push,barbell; rack; plates; adjustable_bench,horizontal_press,bench_press,equipment=barbell+rack+plates+adjustable_bench; support_type=bench; grip=close,,visual_close_grip_bench_press,RETAIN_AS_STRUCTURED_VARIANT,high,Manually re-reviewed semantic classification from current canonical name and catalog fields; no runtime meaning changed.
Incline Barbell Bench Press,strength,horizontal_push,barbell; rack; plates; adjustable_bench,horizontal_press,bench_press,equipment=barbell+rack+plates+adjustable_bench; support_type=bench; bench_angle=incline,,visual_incline_barbell_bench_press,RETAIN_AS_STRUCTURED_VARIANT,high,Manually re-reviewed semantic classification from current canonical name and catalog fields; no runtime meaning changed.
Push Press,strength,vertical_push,barbell; rack; plates,vertical_press,push_press,equipment=barbell+rack+plates; execution_mode=dynamic; lower_body_drive=deliberate,,visual_push_press,RETAIN_AS_STRUCTURED_VARIANT,high,Manually re-reviewed semantic classification from current canonical name and catalog fields; no runtime meaning changed.
Pendlay Row,strength,horizontal_pull,barbell; plates,rowing,pendlay_row,equipment=barbell+plates,,visual_pendlay_row,RETAIN_AS_STRUCTURED_VARIANT,high,Manually re-reviewed semantic classification from current canonical name and catalog fields; no runtime meaning changed.
Barbell High Pull,strength,horizontal_pull,barbell; plates,vertical_power_pull,high_pull,equipment=barbell+plates,,visual_barbell_high_pull,RETAIN_AS_STRUCTURED_VARIANT,high,Manually re-reviewed semantic classification from current canonical name and catalog fields; no runtime meaning changed.
Barbell Curl,strength,arms_biceps,barbell; plates,elbow_flexion,curl,equipment=barbell+plates,,visual_barbell_curl,RETAIN_DISTINCT,high,Manually re-reviewed semantic classification from current canonical name and catalog fields; no runtime meaning changed.
Barbell Rollout,core,core_anti_extension,barbell; plates,core_anti_extension,rollout,equipment=barbell+plates; execution_mode=dynamic,,visual_barbell_rollout,RETAIN_AS_STRUCTURED_VARIANT,high,Manually re-reviewed semantic classification from current canonical name and catalog fields; no runtime meaning changed.
Plate Front Raise,strength,vertical_push,plates,shoulder_elevation,shoulder_raise,equipment=plates,,visual_plate_front_raise,RETAIN_AS_STRUCTURED_VARIANT,high,Manually re-reviewed semantic classification from current canonical name and catalog fields; no runtime meaning changed.
Plate Curl,strength,arms_biceps,plates,elbow_flexion,curl,equipment=plates,,visual_plate_curl,RETAIN_AS_STRUCTURED_VARIANT,high,Manually re-reviewed semantic classification from current canonical name and catalog fields; no runtime meaning changed.
Plate Pinch Carry,conditioning,carry,plates,loaded_carry,pinch_grip_carry,equipment=plates; grip=pinch; locomotion_mode=walk,,visual_plate_pinch_carry,RETAIN_AS_STRUCTURED_VARIANT,high,Manually re-reviewed semantic classification from current canonical name and catalog fields; no runtime meaning changed.
EZ-Bar Reverse Curl,strength,arms_biceps,ez_bar; plates,elbow_flexion,reverse_curl,equipment=ez_bar+plates; grip=reverse,,visual_ez_bar_reverse_curl,RETAIN_AS_STRUCTURED_VARIANT,high,Manually re-reviewed semantic classification from current canonical name and catalog fields; no runtime meaning changed.
EZ-Bar Preacher-Style Curl,strength,arms_biceps,ez_bar; plates; adjustable_bench,elbow_flexion,preacher_curl,equipment=ez_bar+plates+adjustable_bench; support_type=bench,,visual_ez_bar_preacher_style_curl,RETAIN_AS_STRUCTURED_VARIANT,high,Manually re-reviewed semantic classification from current canonical name and catalog fields; no runtime meaning changed.
EZ-Bar Overhead Triceps Extension,strength,arms_triceps,ez_bar; plates,elbow_extension,overhead_triceps_extension,equipment=ez_bar+plates,,visual_ez_bar_overhead_triceps_extension,RETAIN_AS_STRUCTURED_VARIANT,high,Manually re-reviewed semantic classification from current canonical name and catalog fields; no runtime meaning changed.
EZ-Bar Upright Row,strength,vertical_push,ez_bar; plates,shoulder_elevation,upright_row,equipment=ez_bar+plates; movement_direction=vertical,,visual_ez_bar_upright_row,RETAIN_AS_STRUCTURED_VARIANT,high,Manually re-reviewed semantic classification from current canonical name and catalog fields; no runtime meaning changed.
Neutral-Grip Pull-Up,strength,vertical_pull,pull_up_bar,vertical_pull,pull_up,equipment=pull_up_bar; grip=neutral,,visual_neutral_grip_pull_up,RETAIN_AS_STRUCTURED_VARIANT,high,Manually re-reviewed semantic classification from current canonical name and catalog fields; no runtime meaning changed.
Negative Pull-Up,strength,vertical_pull,pull_up_bar,vertical_pull,pull_up,equipment=pull_up_bar; execution_mode=eccentric_only,,visual_negative_pull_up,RETAIN_AS_STRUCTURED_VARIANT,high,Manually re-reviewed semantic classification from current canonical name and catalog fields; no runtime meaning changed.
Scapular Pull-Up,strength,vertical_pull,pull_up_bar,vertical_pull,pull_up,equipment=pull_up_bar; range_of_motion_variant=scapular,,visual_scapular_pull_up,RETAIN_AS_STRUCTURED_VARIANT,high,Manually re-reviewed semantic classification from current canonical name and catalog fields; no runtime meaning changed.
Commando Pull-Up,strength,vertical_pull,pull_up_bar,vertical_pull,commando_pull_up,equipment=pull_up_bar; grip=mixed,,visual_commando_pull_up,RETAIN_AS_STRUCTURED_VARIANT,high,Manually re-reviewed semantic classification from current canonical name and catalog fields; no runtime meaning changed.
Dead Hang,mobility,vertical_pull,pull_up_bar,vertical_pull,bar_hang,equipment=pull_up_bar; execution_mode=isometric,,visual_dead_hang,ALIAS_OR_DUPLICATE_CANDIDATE,medium,Possible equivalent to Pull-Up Bar Dead Hang; remains separate until setup/instruction/media review confirms an alias.
Hanging Leg Raise,core,core_anti_extension,pull_up_bar,trunk_flexion,hanging_leg_raise,equipment=pull_up_bar; execution_mode=dynamic,,visual_hanging_leg_raise,RETAIN_AS_STRUCTURED_VARIANT,high,Manually re-reviewed semantic classification from current canonical name and catalog fields; no runtime meaning changed.
Hanging Oblique Knee Raise,core,core_anti_rotation,pull_up_bar,lateral_trunk_flexion,hanging_oblique_knee_raise,equipment=pull_up_bar; execution_mode=dynamic,,visual_hanging_oblique_knee_raise,RETAIN_AS_STRUCTURED_VARIANT,high,Manually re-reviewed semantic classification from current canonical name and catalog fields; no runtime meaning changed.
Band Biceps Curl,strength,arms_biceps,resistance_band,elbow_flexion,curl,equipment=resistance_band,,visual_band_biceps_curl,RETAIN_AS_STRUCTURED_VARIANT,high,Manually re-reviewed semantic classification from current canonical name and catalog fields; no runtime meaning changed.
Band Hammer Curl,strength,arms_biceps,resistance_band,elbow_flexion,hammer_curl,equipment=resistance_band; grip=hammer,,visual_band_hammer_curl,RETAIN_AS_STRUCTURED_VARIANT,high,Manually re-reviewed semantic classification from current canonical name and catalog fields; no runtime meaning changed.
Band Overhead Triceps Extension,strength,arms_triceps,resistance_band,elbow_extension,overhead_triceps_extension,equipment=resistance_band,,visual_band_overhead_triceps_extension,RETAIN_AS_STRUCTURED_VARIANT,high,Manually re-reviewed semantic classification from current canonical name and catalog fields; no runtime meaning changed.
Band Lateral Raise,strength,vertical_push,resistance_band,shoulder_elevation,shoulder_raise,equipment=resistance_band,,visual_band_lateral_raise,RETAIN_AS_STRUCTURED_VARIANT,high,Manually re-reviewed semantic classification from current canonical name and catalog fields; no runtime meaning changed.
Band Shoulder Press,strength,vertical_push,resistance_band,vertical_press,overhead_press,equipment=resistance_band,,visual_band_shoulder_press,RETAIN_AS_STRUCTURED_VARIANT,high,Manually re-reviewed semantic classification from current canonical name and catalog fields; no runtime meaning changed.
Band Lat Pulldown,strength,vertical_pull,resistance_band,vertical_pull,lat_pulldown,equipment=resistance_band,,visual_band_lat_pulldown,RETAIN_AS_STRUCTURED_VARIANT,high,Manually re-reviewed semantic classification from current canonical name and catalog fields; no runtime meaning changed.
Band Straight-Arm Pulldown,strength,vertical_pull,resistance_band,vertical_pull,straight_arm_pulldown,equipment=resistance_band,,visual_band_straight_arm_pulldown,RETAIN_AS_STRUCTURED_VARIANT,high,Manually re-reviewed semantic classification from current canonical name and catalog fields; no runtime meaning changed.
Band Pull-Through,strength,hinge,resistance_band,hip_hinge,pull_through,equipment=resistance_band,,visual_band_pull_through,RETAIN_AS_STRUCTURED_VARIANT,high,Manually re-reviewed semantic classification from current canonical name and catalog fields; no runtime meaning changed.
Band Good Morning,strength,hinge,resistance_band,hip_hinge,good_morning,equipment=resistance_band,,visual_band_good_morning,RETAIN_AS_STRUCTURED_VARIANT,high,Manually re-reviewed semantic classification from current canonical name and catalog fields; no runtime meaning changed.
Band Resisted Push-Up,strength,horizontal_push,bodyweight; resistance_band,horizontal_press,push_up,equipment=bodyweight+resistance_band,,visual_band_resisted_push_up,RETAIN_AS_STRUCTURED_VARIANT,high,Manually re-reviewed semantic classification from current canonical name and catalog fields; no runtime meaning changed.
Band Pallof Press,core,core_anti_rotation,resistance_band,core_anti_rotation,pallof_press,equipment=resistance_band; execution_mode=dynamic,,visual_band_pallof_press,RETAIN_AS_STRUCTURED_VARIANT,high,Manually re-reviewed semantic classification from current canonical name and catalog fields; no runtime meaning changed.
Band Woodchop,core,core_anti_rotation,resistance_band,rotational_core,woodchop,equipment=resistance_band,,visual_band_woodchop,RETAIN_AS_STRUCTURED_VARIANT,high,Manually re-reviewed semantic classification from current canonical name and catalog fields; no runtime meaning changed.
Band Lateral Walk,strength,lunge,resistance_band,hip_abduction,lateral_walk,equipment=resistance_band; locomotion_mode=walk,,visual_band_lateral_walk,RETAIN_AS_STRUCTURED_VARIANT,high,Manually re-reviewed semantic classification from current canonical name and catalog fields; no runtime meaning changed.
Band Monster Walk,strength,lunge,resistance_band,hip_abduction,monster_walk,equipment=resistance_band; locomotion_mode=walk,,visual_band_monster_walk,RETAIN_AS_STRUCTURED_VARIANT,high,Manually re-reviewed semantic classification from current canonical name and catalog fields; no runtime meaning changed.
Band Glute Bridge,strength,hinge,bodyweight; resistance_band,hip_extension,glute_bridge,equipment=bodyweight+resistance_band,,visual_band_glute_bridge,RETAIN_AS_STRUCTURED_VARIANT,high,Manually re-reviewed semantic classification from current canonical name and catalog fields; no runtime meaning changed.
Single-Arm Cable Row,strength,horizontal_pull,cable,rowing,row,equipment=cable; laterality=unilateral,,visual_single_arm_cable_row,RETAIN_AS_STRUCTURED_VARIANT,high,Manually re-reviewed semantic classification from current canonical name and catalog fields; no runtime meaning changed.
Cable High Row,strength,horizontal_pull,cable,rowing,high_row,equipment=cable; movement_direction=high_diagonal,,visual_cable_high_row,RETAIN_AS_STRUCTURED_VARIANT,high,Manually re-reviewed semantic classification from current canonical name and catalog fields; no runtime meaning changed.
Cable Reverse Fly,strength,horizontal_pull,cable,rear_delt_retraction,rear_delt_fly,equipment=cable,,visual_cable_reverse_fly,RETAIN_AS_STRUCTURED_VARIANT,high,Manually re-reviewed semantic classification from current canonical name and catalog fields; no runtime meaning changed.
Cable Chest Fly,strength,horizontal_push,cable,chest_fly,chest_fly,equipment=cable,,visual_cable_chest_fly,RETAIN_AS_STRUCTURED_VARIANT,high,Manually re-reviewed semantic classification from current canonical name and catalog fields; no runtime meaning changed.
Single-Arm Cable Press,strength,horizontal_push,cable,horizontal_press,standing_chest_press,equipment=cable; laterality=unilateral,,visual_single_arm_cable_press,RETAIN_AS_STRUCTURED_VARIANT,high,Manually re-reviewed semantic classification from current canonical name and catalog fields; no runtime meaning changed.
Cable Upright Row,strength,vertical_push,cable,shoulder_elevation,upright_row,equipment=cable; movement_direction=vertical,,visual_cable_upright_row,RETAIN_AS_STRUCTURED_VARIANT,high,Manually re-reviewed semantic classification from current canonical name and catalog fields; no runtime meaning changed.
Cable Y Raise,strength,vertical_push,cable,shoulder_elevation,y_raise,equipment=cable,,visual_cable_y_raise,RETAIN_AS_STRUCTURED_VARIANT,high,Manually re-reviewed semantic classification from current canonical name and catalog fields; no runtime meaning changed.
Cable External Rotation,strength,horizontal_pull,cable,shoulder_rotation,external_rotation,equipment=cable; execution_mode=dynamic,,visual_cable_external_rotation,RETAIN_AS_STRUCTURED_VARIANT,high,Manually re-reviewed semantic classification from current canonical name and catalog fields; no runtime meaning changed.
Cable Internal Rotation,strength,horizontal_pull,cable,shoulder_rotation,internal_rotation,equipment=cable; execution_mode=dynamic,,visual_cable_internal_rotation,RETAIN_AS_STRUCTURED_VARIANT,high,Manually re-reviewed semantic classification from current canonical name and catalog fields; no runtime meaning changed.
Cable Pull-Through,strength,hinge,cable; rope_cable_attachment,hip_hinge,pull_through,equipment=cable+rope_cable_attachment; attachment=rope,,visual_cable_pull_through,RETAIN_AS_STRUCTURED_VARIANT,high,Manually re-reviewed semantic classification from current canonical name and catalog fields; no runtime meaning changed.
Cable Crunch,core,core_anti_extension,cable; rope_cable_attachment,trunk_flexion,cable_crunch,equipment=cable+rope_cable_attachment; attachment=rope; execution_mode=dynamic,,visual_cable_crunch,RETAIN_AS_STRUCTURED_VARIANT,high,Manually re-reviewed semantic classification from current canonical name and catalog fields; no runtime meaning changed.
Cable Pallof Press,core,core_anti_rotation,cable,core_anti_rotation,pallof_press,equipment=cable; execution_mode=dynamic,,visual_cable_pallof_press,RETAIN_AS_STRUCTURED_VARIANT,high,Manually re-reviewed semantic classification from current canonical name and catalog fields; no runtime meaning changed.
Rope Triceps Pressdown,strength,arms_triceps,cable; rope_cable_attachment,elbow_extension,triceps_pressdown,equipment=cable+rope_cable_attachment; attachment=rope,,visual_rope_triceps_pressdown,RETAIN_AS_STRUCTURED_VARIANT,high,Manually re-reviewed semantic classification from current canonical name and catalog fields; no runtime meaning changed.
Rope Overhead Triceps Extension,strength,arms_triceps,cable; rope_cable_attachment,elbow_extension,overhead_triceps_extension,equipment=cable+rope_cable_attachment; attachment=rope,,visual_rope_overhead_triceps_extension,RETAIN_AS_STRUCTURED_VARIANT,high,Manually re-reviewed semantic classification from current canonical name and catalog fields; no runtime meaning changed.
Rope Hammer Curl,strength,arms_biceps,cable; rope_cable_attachment,elbow_flexion,hammer_curl,equipment=cable+rope_cable_attachment; grip=hammer; attachment=rope,,visual_rope_hammer_curl,RETAIN_AS_STRUCTURED_VARIANT,high,Manually re-reviewed semantic classification from current canonical name and catalog fields; no runtime meaning changed.
Rope Face Pull,strength,horizontal_pull,cable; rope_cable_attachment,rear_delt_retraction,face_pull,equipment=cable+rope_cable_attachment; attachment=rope,,visual_rope_face_pull,RETAIN_AS_STRUCTURED_VARIANT,high,Manually re-reviewed semantic classification from current canonical name and catalog fields; no runtime meaning changed.
Straight-Arm Cable Pulldown,strength,vertical_pull,cable,vertical_pull,straight_arm_pulldown,equipment=cable,,visual_straight_arm_cable_pulldown,RETAIN_AS_STRUCTURED_VARIANT,high,Manually re-reviewed semantic classification from current canonical name and catalog fields; no runtime meaning changed.
Stability Ball Hamstring Curl,strength,hinge,exercise_ball,knee_flexion,hamstring_curl,equipment=exercise_ball,,visual_stability_ball_hamstring_curl,RETAIN_AS_STRUCTURED_VARIANT,high,Manually re-reviewed semantic classification from current canonical name and catalog fields; no runtime meaning changed.
Stability Ball Rollout,core,core_anti_extension,exercise_ball,core_anti_extension,rollout,equipment=exercise_ball; execution_mode=dynamic,,visual_stability_ball_rollout,RETAIN_AS_STRUCTURED_VARIANT,high,Manually re-reviewed semantic classification from current canonical name and catalog fields; no runtime meaning changed.
Stability Ball Plank,core,core_anti_extension,bodyweight; exercise_ball,core_anti_extension,plank,equipment=bodyweight+exercise_ball; execution_mode=isometric,,visual_stability_ball_plank,RETAIN_AS_STRUCTURED_VARIANT,high,Manually re-reviewed semantic classification from current canonical name and catalog fields; no runtime meaning changed.
Stability Ball Stir-the-Pot,core,core_anti_extension,exercise_ball,core_anti_extension,stir_the_pot,equipment=exercise_ball; execution_mode=dynamic,,visual_stability_ball_stir_the_pot,RETAIN_AS_STRUCTURED_VARIANT,high,Manually re-reviewed semantic classification from current canonical name and catalog fields; no runtime meaning changed.
Stability Ball Wall Squat,strength,squat,exercise_ball,bilateral_knee_dominant,squat,equipment=exercise_ball,,visual_stability_ball_wall_squat,RETAIN_AS_STRUCTURED_VARIANT,high,Manually re-reviewed semantic classification from current canonical name and catalog fields; no runtime meaning changed.
Stability Ball Dead Bug,core,core_anti_extension,exercise_ball,core_anti_extension,dead_bug,equipment=exercise_ball; execution_mode=dynamic,,visual_stability_ball_dead_bug,RETAIN_AS_STRUCTURED_VARIANT,high,Manually re-reviewed semantic classification from current canonical name and catalog fields; no runtime meaning changed.
Treadmill Easy Jog,conditioning,conditioning,treadmill,treadmill_locomotion,treadmill_jog,equipment=treadmill; locomotion_mode=jog,protocol=easy,visual_treadmill_easy_jog,PRESCRIPTION_OR_PROTOCOL_CANDIDATE,medium,Likely describes programming of the identified physical base movement; preserve canonical ID until reviewed additive migration.
Treadmill Hill Intervals,conditioning,conditioning,treadmill,treadmill_locomotion,treadmill_locomotion_unspecified,equipment=treadmill; locomotion_mode=unspecified; grade=incline,protocol=hill_intervals,visual_treadmill_hill_intervals,PRESCRIPTION_OR_PROTOCOL_CANDIDATE,low,Canonical identity does not specify walk/jog/run; preserve that physical uncertainty and canonical ID until reviewed additive migration.
Treadmill Tempo Run,conditioning,conditioning,treadmill,treadmill_locomotion,treadmill_run,equipment=treadmill; locomotion_mode=run,protocol=tempo,visual_treadmill_tempo_run,PRESCRIPTION_OR_PROTOCOL_CANDIDATE,medium,Likely describes programming of the identified physical base movement; preserve canonical ID until reviewed additive migration.
Bike Recovery Ride,conditioning,conditioning,bike,stationary_cycling,stationary_bike,equipment=bike,protocol=recovery,visual_stationary_bike,PRESCRIPTION_OR_PROTOCOL_CANDIDATE,medium,Likely describes programming of the identified physical base movement; preserve canonical ID until reviewed additive migration.
Bike Tempo Ride,conditioning,conditioning,bike,stationary_cycling,stationary_bike,equipment=bike,protocol=tempo,visual_stationary_bike,PRESCRIPTION_OR_PROTOCOL_CANDIDATE,medium,Likely describes programming of the identified physical base movement; preserve canonical ID until reviewed additive migration.
Bike Hill Intervals,conditioning,conditioning,bike,stationary_cycling,stationary_bike,equipment=bike,protocol=hill_intervals,visual_stationary_bike,PRESCRIPTION_OR_PROTOCOL_CANDIDATE,medium,Likely describes programming of the stationary-bike base movement; hill is resistance protocol rather than physical grade.
Wall Push-Up,strength,horizontal_push,bodyweight,horizontal_press,push_up,equipment=bodyweight; body_position=standing; support_type=wall,,visual_wall_push_up,RETAIN_AS_STRUCTURED_VARIANT,high,Manually re-reviewed semantic classification from current canonical name and catalog fields; no runtime meaning changed.
Scapular Push-Up,strength,horizontal_push,bodyweight,horizontal_press,push_up,equipment=bodyweight; range_of_motion_variant=scapular,,visual_scapular_push_up,RETAIN_AS_STRUCTURED_VARIANT,high,Manually re-reviewed semantic classification from current canonical name and catalog fields; no runtime meaning changed.
Plank Shoulder Tap,core,core_anti_rotation,bodyweight,core_anti_rotation,plank_shoulder_tap,equipment=bodyweight; execution_mode=dynamic,,visual_plank_shoulder_tap,RETAIN_AS_STRUCTURED_VARIANT,high,Manually re-reviewed semantic classification from current canonical name and catalog fields; no runtime meaning changed.
Reverse Crunch,core,core_anti_extension,bodyweight,trunk_flexion,reverse_crunch,equipment=bodyweight; execution_mode=dynamic,,visual_reverse_crunch,RETAIN_AS_STRUCTURED_VARIANT,high,Manually re-reviewed semantic classification from current canonical name and catalog fields; no runtime meaning changed.
Heel Tap,core,core_anti_extension,bodyweight,trunk_flexion,heel_tap,equipment=bodyweight; execution_mode=dynamic,,visual_heel_tap,RETAIN_AS_STRUCTURED_VARIANT,high,Manually re-reviewed semantic classification from current canonical name and catalog fields; no runtime meaning changed.
Side Plank Reach-Through,core,core_anti_rotation,bodyweight,lateral_core_stability,side_plank,equipment=bodyweight; execution_mode=dynamic; movement_direction=rotation,,visual_side_plank_reach_through,RETAIN_AS_STRUCTURED_VARIANT,high,Manually re-reviewed semantic classification from current canonical name and catalog fields; no runtime meaning changed.
Seated Knee Tuck,core,core_anti_extension,bodyweight,trunk_flexion,seated_knee_tuck,equipment=bodyweight; body_position=seated; execution_mode=dynamic,,visual_seated_knee_tuck,RETAIN_AS_STRUCTURED_VARIANT,high,Manually re-reviewed semantic classification from current canonical name and catalog fields; no runtime meaning changed.
Toe Walk,conditioning,conditioning,bodyweight,gait_drill,toe_walk,equipment=bodyweight; locomotion_mode=walk,,visual_toe_walk,RETAIN_AS_STRUCTURED_VARIANT,high,Manually re-reviewed semantic classification from current canonical name and catalog fields; no runtime meaning changed.
Heel Walk,conditioning,conditioning,bodyweight,gait_drill,heel_walk,equipment=bodyweight; locomotion_mode=walk,,visual_heel_walk,RETAIN_AS_STRUCTURED_VARIANT,high,Manually re-reviewed semantic classification from current canonical name and catalog fields; no runtime meaning changed.
Prone Y-T-W Raise,mobility,horizontal_pull,bodyweight,shoulder_mobility,prone_y_t_w_raise,equipment=bodyweight; body_position=prone; execution_mode=dynamic,,visual_prone_y_t_w_raise,RETAIN_AS_STRUCTURED_VARIANT,high,Manually re-reviewed semantic classification from current canonical name and catalog fields; no runtime meaning changed.
Cat-Cow,mobility,mobility,bodyweight,mobility,cat_cow,equipment=bodyweight; body_position=quadruped; execution_mode=dynamic,,visual_cat_cow,RETAIN_AS_STRUCTURED_VARIANT,high,Manually re-reviewed semantic classification from current canonical name and catalog fields; no runtime meaning changed.
Quadruped T-Spine Rotation,mobility,mobility,bodyweight,mobility,quadruped_t_spine_rotation,equipment=bodyweight; body_position=quadruped; execution_mode=dynamic,,visual_quadruped_t_spine_rotation,RETAIN_AS_STRUCTURED_VARIANT,high,Manually re-reviewed semantic classification from current canonical name and catalog fields; no runtime meaning changed.
Half-Kneeling Hip Flexor Stretch,mobility,mobility,bodyweight,mobility,hip_flexor_stretch,equipment=bodyweight; body_position=half_kneeling; execution_mode=isometric,,visual_half_kneeling_hip_flexor_stretch,RETAIN_AS_STRUCTURED_VARIANT,high,Manually re-reviewed semantic classification from current canonical name and catalog fields; no runtime meaning changed.
90/90 Hip Switch,mobility,mobility,bodyweight,mobility,hip_90_90_switch,equipment=bodyweight; body_position=seated; execution_mode=dynamic,,visual_90/90_hip_switch,RETAIN_AS_STRUCTURED_VARIANT,high,Manually re-reviewed semantic classification from current canonical name and catalog fields; no runtime meaning changed.
Child's Pose Lat Stretch,mobility,mobility,bodyweight,mobility,childs_pose_lat_stretch,equipment=bodyweight; body_position=childs_pose; execution_mode=isometric,,visual_child's_pose_lat_stretch,RETAIN_AS_STRUCTURED_VARIANT,high,Manually re-reviewed semantic classification from current canonical name and catalog fields; no runtime meaning changed.
Wall Slide,mobility,vertical_push,bodyweight,shoulder_mobility,wall_slide,equipment=bodyweight; support_type=wall; execution_mode=dynamic,,visual_wall_slide,RETAIN_AS_STRUCTURED_VARIANT,high,Manually re-reviewed semantic classification from current canonical name and catalog fields; no runtime meaning changed.
Dumbbell Squeeze Press,strength,horizontal_push,dumbbell; adjustable_bench,horizontal_press,squeeze_press,equipment=dumbbell+adjustable_bench; support_type=bench,,visual_dumbbell_squeeze_press,RETAIN_AS_STRUCTURED_VARIANT,high,Manually re-reviewed semantic classification from current canonical name and catalog fields; no runtime meaning changed.
Low-Incline Dumbbell Press,strength,horizontal_push,dumbbell; adjustable_bench,horizontal_press,bench_press,equipment=dumbbell+adjustable_bench; support_type=bench; bench_angle=low_incline,,visual_low_incline_dumbbell_press,RETAIN_AS_STRUCTURED_VARIANT,high,Manually re-reviewed semantic classification from current canonical name and catalog fields; no runtime meaning changed.
Dumbbell Tate Press,strength,arms_triceps,dumbbell; adjustable_bench,elbow_extension,tate_press,equipment=dumbbell+adjustable_bench; support_type=bench,,visual_dumbbell_tate_press,RETAIN_AS_STRUCTURED_VARIANT,high,Manually re-reviewed semantic classification from current canonical name and catalog fields; no runtime meaning changed.
Dumbbell Reverse Curl,strength,arms_biceps,dumbbell,elbow_flexion,reverse_curl,equipment=dumbbell; grip=reverse,,visual_dumbbell_reverse_curl,RETAIN_AS_STRUCTURED_VARIANT,high,Manually re-reviewed semantic classification from current canonical name and catalog fields; no runtime meaning changed.
Dumbbell Cross-Body Hammer Curl,strength,arms_biceps,dumbbell,elbow_flexion,hammer_curl,equipment=dumbbell; grip=hammer; movement_direction=cross_body,,visual_dumbbell_cross_body_hammer_curl,RETAIN_AS_STRUCTURED_VARIANT,high,Manually re-reviewed semantic classification from current canonical name and catalog fields; no runtime meaning changed.
Dumbbell Spider Curl,strength,arms_biceps,dumbbell; adjustable_bench,elbow_flexion,spider_curl,equipment=dumbbell+adjustable_bench; support_type=bench,,visual_dumbbell_spider_curl,RETAIN_AS_STRUCTURED_VARIANT,high,Manually re-reviewed semantic classification from current canonical name and catalog fields; no runtime meaning changed.
Dumbbell Suitcase Deadlift,strength,hinge,dumbbell,hip_hinge,deadlift,equipment=dumbbell; laterality=unilateral,,visual_dumbbell_suitcase_deadlift,RETAIN_AS_STRUCTURED_VARIANT,high,Manually re-reviewed semantic classification from current canonical name and catalog fields; no runtime meaning changed.
Dumbbell Farmer March,conditioning,carry,dumbbell,loaded_carry,farmer_carry,equipment=dumbbell; laterality=bilateral; load_position=sides; locomotion_mode=march,,visual_dumbbell_farmer_march,RETAIN_AS_STRUCTURED_VARIANT,high,Manually re-reviewed semantic classification from current canonical name and catalog fields; no runtime meaning changed.
Dumbbell Suitcase March,conditioning,carry,dumbbell,loaded_carry,suitcase_carry,equipment=dumbbell; laterality=unilateral; load_position=suitcase; locomotion_mode=march,,visual_dumbbell_suitcase_march,RETAIN_AS_STRUCTURED_VARIANT,high,Manually re-reviewed semantic classification from current canonical name and catalog fields; no runtime meaning changed.
Dumbbell Tempo Goblet Squat,strength,squat,dumbbell,bilateral_knee_dominant,goblet_squat,equipment=dumbbell; load_position=goblet,protocol=tempo,visual_goblet_squat,PRESCRIPTION_OR_PROTOCOL_CANDIDATE,medium,Likely describes programming of the identified physical base movement; preserve canonical ID until reviewed additive migration.
Dumbbell Heel-Elevated Goblet Squat,strength,squat,dumbbell; plates,bilateral_knee_dominant,goblet_squat,equipment=dumbbell+plates; load_position=goblet,,visual_dumbbell_heel_elevated_goblet_squat,RETAIN_AS_STRUCTURED_VARIANT,high,Manually re-reviewed semantic classification from current canonical name and catalog fields; no runtime meaning changed.
Dumbbell Offset Reverse Lunge,strength,lunge,dumbbell,unilateral_knee_dominant,reverse_lunge,equipment=dumbbell; laterality=unilateral; stance=split,,visual_dumbbell_offset_reverse_lunge,RETAIN_AS_STRUCTURED_VARIANT,high,Manually re-reviewed semantic classification from current canonical name and catalog fields; no runtime meaning changed.
Dumbbell Skater Squat,strength,lunge,dumbbell,unilateral_knee_dominant,skater_squat,equipment=dumbbell; laterality=unilateral,,visual_dumbbell_skater_squat,RETAIN_AS_STRUCTURED_VARIANT,high,Manually re-reviewed semantic classification from current canonical name and catalog fields; no runtime meaning changed.
Dumbbell Renegade Row,strength,horizontal_pull,dumbbell,rowing,renegade_row,equipment=dumbbell; body_position=plank,,visual_dumbbell_renegade_row,RETAIN_AS_STRUCTURED_VARIANT,high,Manually re-reviewed semantic classification from current canonical name and catalog fields; no runtime meaning changed.
Barbell Shrug,strength,horizontal_pull,barbell; plates,scapular_elevation,shrug,equipment=barbell+plates,,visual_barbell_shrug,RETAIN_AS_STRUCTURED_VARIANT,high,Manually re-reviewed semantic classification from current canonical name and catalog fields; no runtime meaning changed.
Barbell Calf Raise,strength,squat,barbell; rack; plates,ankle_plantarflexion,calf_raise,equipment=barbell+rack+plates,,visual_barbell_calf_raise,RETAIN_AS_STRUCTURED_VARIANT,high,Manually re-reviewed semantic classification from current canonical name and catalog fields; no runtime meaning changed.
Rack Pull,strength,hinge,barbell; rack; plates,hip_hinge,rack_pull,equipment=barbell+rack+plates; range=partial,,visual_rack_pull,RETAIN_AS_STRUCTURED_VARIANT,high,Manually re-reviewed semantic classification from current canonical name and catalog fields; no runtime meaning changed.
Barbell Hip Hinge Drill,mobility,hinge,barbell,hip_hinge,hip_hinge_drill,equipment=barbell; execution_mode=dynamic,,visual_barbell_hip_hinge_drill,RETAIN_AS_STRUCTURED_VARIANT,high,Manually re-reviewed semantic classification from current canonical name and catalog fields; no runtime meaning changed.
Barbell Tall-Kneeling Press,strength,vertical_push,barbell; plates,vertical_press,overhead_press,equipment=barbell+plates; body_position=tall_kneeling,,visual_barbell_tall_kneeling_press,RETAIN_AS_STRUCTURED_VARIANT,high,Manually re-reviewed semantic classification from current canonical name and catalog fields; no runtime meaning changed.
Barbell Lunge,strength,lunge,barbell; plates,unilateral_knee_dominant,lunge,equipment=barbell+plates; stance=split,,visual_barbell_lunge,RETAIN_AS_STRUCTURED_VARIANT,high,Manually re-reviewed semantic classification from current canonical name and catalog fields; no runtime meaning changed.
Barbell Reverse-Grip Row,strength,horizontal_pull,barbell; plates,rowing,row,equipment=barbell+plates; grip=reverse,,visual_barbell_reverse_grip_row,RETAIN_AS_STRUCTURED_VARIANT,high,Manually re-reviewed semantic classification from current canonical name and catalog fields; no runtime meaning changed.
EZ-Bar Drag Curl,strength,arms_biceps,ez_bar; plates,elbow_flexion,drag_curl,equipment=ez_bar+plates,,visual_ez_bar_drag_curl,RETAIN_AS_STRUCTURED_VARIANT,high,Manually re-reviewed semantic classification from current canonical name and catalog fields; no runtime meaning changed.
EZ-Bar Close-Grip Floor Press,strength,horizontal_push,ez_bar; plates,horizontal_press,bench_press,equipment=ez_bar+plates; support_type=floor; grip=close,,visual_ez_bar_close_grip_floor_press,RETAIN_AS_STRUCTURED_VARIANT,high,Manually re-reviewed semantic classification from current canonical name and catalog fields; no runtime meaning changed.
EZ-Bar JM Press,strength,arms_triceps,ez_bar; plates; adjustable_bench,elbow_extension,jm_press,equipment=ez_bar+plates+adjustable_bench; support_type=bench,,visual_ez_bar_jm_press,RETAIN_AS_STRUCTURED_VARIANT,high,Manually re-reviewed semantic classification from current canonical name and catalog fields; no runtime meaning changed.
Pull-Up Bar Dead Hang,mobility,vertical_pull,pull_up_bar,vertical_pull,bar_hang,equipment=pull_up_bar; execution_mode=isometric,,visual_pull_up_bar_dead_hang,RETAIN_AS_STRUCTURED_VARIANT,medium,Physical template reconciled with Dead Hang while canonical and visual identities remain separate pending alias confirmation.
Pull-Up Flexed-Arm Hang,strength,vertical_pull,pull_up_bar,vertical_pull,flexed_arm_hang,equipment=pull_up_bar; execution_mode=isometric,,visual_pull_up_flexed_arm_hang,RETAIN_AS_STRUCTURED_VARIANT,high,Manually re-reviewed semantic classification from current canonical name and catalog fields; no runtime meaning changed.
Band Chest Press,strength,horizontal_push,resistance_band,horizontal_press,standing_chest_press,equipment=resistance_band,,visual_band_chest_press,RETAIN_AS_STRUCTURED_VARIANT,high,Manually re-reviewed semantic classification from current canonical name and catalog fields; no runtime meaning changed.
Band Squat,strength,squat,resistance_band,bilateral_knee_dominant,squat,equipment=resistance_band,,visual_band_squat,RETAIN_AS_STRUCTURED_VARIANT,high,Manually re-reviewed semantic classification from current canonical name and catalog fields; no runtime meaning changed.
Band Split Squat,strength,lunge,resistance_band,unilateral_knee_dominant,split_squat,equipment=resistance_band; stance=split,,visual_band_split_squat,RETAIN_AS_STRUCTURED_VARIANT,high,Manually re-reviewed semantic classification from current canonical name and catalog fields; no runtime meaning changed.
Band Romanian Deadlift,strength,hinge,resistance_band,hip_hinge,romanian_deadlift,equipment=resistance_band,,visual_band_romanian_deadlift,RETAIN_AS_STRUCTURED_VARIANT,high,Manually re-reviewed semantic classification from current canonical name and catalog fields; no runtime meaning changed.
Band Hamstring Curl,strength,hinge,resistance_band,knee_flexion,hamstring_curl,equipment=resistance_band,,visual_band_hamstring_curl,RETAIN_AS_STRUCTURED_VARIANT,high,Manually re-reviewed semantic classification from current canonical name and catalog fields; no runtime meaning changed.
Band Dead Bug Pulldown,core,core_anti_extension,bodyweight; resistance_band,core_anti_extension,band_dead_bug_pulldown,equipment=bodyweight+resistance_band,,visual_band_dead_bug_pulldown,RETAIN_AS_STRUCTURED_VARIANT,high,Manually re-reviewed semantic classification from current canonical name and catalog fields; no runtime meaning changed.
Band Anti-Rotation Hold,core,core_anti_rotation,resistance_band,core_anti_rotation,anti_rotation_hold,equipment=resistance_band; execution_mode=isometric,,visual_band_anti_rotation_hold,RETAIN_AS_STRUCTURED_VARIANT,high,Manually re-reviewed semantic classification from current canonical name and catalog fields; no runtime meaning changed.
Band Shoulder Dislocate,mobility,vertical_push,resistance_band,shoulder_mobility,shoulder_dislocate,equipment=resistance_band; execution_mode=dynamic,,visual_band_shoulder_dislocate,RETAIN_AS_STRUCTURED_VARIANT,high,Manually re-reviewed semantic classification from current canonical name and catalog fields; no runtime meaning changed.
Cable Chest Press,strength,horizontal_push,cable,horizontal_press,standing_chest_press,equipment=cable,,visual_cable_chest_press,RETAIN_AS_STRUCTURED_VARIANT,high,Manually re-reviewed semantic classification from current canonical name and catalog fields; no runtime meaning changed.
Cable Rear Delt Row,strength,horizontal_pull,cable,rear_delt_retraction,rear_delt_row,equipment=cable; movement_direction=horizontal,,visual_cable_rear_delt_row,RETAIN_AS_STRUCTURED_VARIANT,high,Manually re-reviewed semantic classification from current canonical name and catalog fields; no runtime meaning changed.
Cable 90/90 External Rotation,mobility,horizontal_pull,cable,shoulder_rotation,shoulder_90_90_external_rotation,equipment=cable; execution_mode=dynamic,,visual_cable_90/90_external_rotation,RETAIN_AS_STRUCTURED_VARIANT,high,Manually re-reviewed semantic classification from current canonical name and catalog fields; no runtime meaning changed.
Cable Lateral Lunge,strength,lunge,cable,unilateral_knee_dominant,lateral_lunge,equipment=cable; stance=split,,visual_cable_lateral_lunge,RETAIN_AS_STRUCTURED_VARIANT,high,Manually re-reviewed semantic classification from current canonical name and catalog fields; no runtime meaning changed.
Cable Romanian Deadlift,strength,hinge,cable,hip_hinge,romanian_deadlift,equipment=cable,,visual_cable_romanian_deadlift,RETAIN_AS_STRUCTURED_VARIANT,high,Manually re-reviewed semantic classification from current canonical name and catalog fields; no runtime meaning changed.
Cable Kickback,strength,hinge,cable,hip_extension,glute_kickback,equipment=cable,,visual_cable_kickback,TAXONOMY_REVIEW_REQUIRED,medium,Name is under-specified between glute and triceps uses; current hinge placement suggests glute.
Cable Anti-Rotation Hold,core,core_anti_rotation,cable,core_anti_rotation,anti_rotation_hold,equipment=cable; execution_mode=isometric,,visual_cable_anti_rotation_hold,RETAIN_AS_STRUCTURED_VARIANT,high,Manually re-reviewed semantic classification from current canonical name and catalog fields; no runtime meaning changed.
Rope Cable Curl,strength,arms_biceps,cable; rope_cable_attachment,elbow_flexion,curl,equipment=cable+rope_cable_attachment; attachment=rope,,visual_rope_cable_curl,RETAIN_AS_STRUCTURED_VARIANT,high,Manually re-reviewed semantic classification from current canonical name and catalog fields; no runtime meaning changed.
Treadmill Recovery Walk,conditioning,conditioning,treadmill,treadmill_locomotion,treadmill_walk,equipment=treadmill; locomotion_mode=walk,protocol=recovery,visual_treadmill_walk,PRESCRIPTION_OR_PROTOCOL_CANDIDATE,medium,Likely describes programming of the identified physical base movement; preserve canonical ID until reviewed additive migration.
Treadmill Easy Intervals,conditioning,conditioning,treadmill,treadmill_locomotion,treadmill_locomotion_unspecified,equipment=treadmill; locomotion_mode=unspecified,protocol=easy_intervals,visual_treadmill_easy_intervals,PRESCRIPTION_OR_PROTOCOL_CANDIDATE,low,Canonical identity does not specify walk/jog/run; preserve that physical uncertainty and canonical ID until reviewed additive migration.
Bike Easy Spin,conditioning,conditioning,bike,stationary_cycling,stationary_bike,equipment=bike,protocol=easy,visual_stationary_bike,PRESCRIPTION_OR_PROTOCOL_CANDIDATE,medium,Likely describes programming of the identified physical base movement; preserve canonical ID until reviewed additive migration.
Bike Cadence Drill,conditioning,conditioning,bike,stationary_cycling,stationary_bike,equipment=bike,protocol=cadence_drill,visual_stationary_bike,PRESCRIPTION_OR_PROTOCOL_CANDIDATE,medium,Likely describes programming of the identified physical base movement; preserve canonical ID until reviewed additive migration.
