visual_identity_slug,canonical_names,family_slug,base_movement_slug,physical_variant_summary,protocol_slugs,default_measurement_types,current_direct_media,existing_local_source_canonical,prior_ascendapi_status,provider_exercise_id,provider_name,provider_equipment,provider_gif_url,structured_status,material_mismatch_summary,visual_review_status,canonical_fanout_count,notes
visual_90_90_hip_switch,90/90 Hip Switch,mobility,hip_90_90_switch,90/90 Hip Switch[body_position=seated; equipment=bodyweight; execution_mode=dynamic],,90/90 Hip Switch=reps[reps],none,,90/90 Hip Switch=no_match,,,,,no_provider_candidate,no locally ranked V1 record survives the accepted physical-identity gates,not_applicable,1,No provider mapping is proposed.
visual_back_squat,Back Squat,bilateral_knee_dominant,back_squat,Back Squat[equipment=barbell+rack+plates],,Back Squat=reps[reps],none,,Back Squat=no_match,DhMl549,barbell full squat (back pov),barbell,https://static.exercisedb.dev/media/DhMl549.gif,ascendapi_approved_exact,,three_representative_frames_approved,1,new_structured_exact
visual_band_anti_rotation_hold,Band Anti-Rotation Hold,core_anti_rotation,anti_rotation_hold,Band Anti-Rotation Hold[equipment=resistance_band; execution_mode=isometric],,Band Anti-Rotation Hold=duration[duration],none,,Band Anti-Rotation Hold=review,G7PXMlT,band vertical pallof press,band,https://static.exercisedb.dev/media/G7PXMlT.gif,rejected_material_mismatch,dynamic Pallof press does not depict the accepted isometric hold execution,metadata_gate,1,Candidate rejected by accepted physical-compatibility gates.
visual_band_biceps_curl,Band Biceps Curl,elbow_flexion,curl,Band Biceps Curl[equipment=resistance_band],,Band Biceps Curl=reps[reps],none,,Band Biceps Curl=exact,3omWx6P,band alternating biceps curl,band,https://static.exercisedb.dev/media/3omWx6P.gif,rejected_material_mismatch,alternating unilateral execution is materially narrower than the unqualified canonical curl,three_frame_rejected,1,Candidate rejected by accepted physical-compatibility gates.
visual_band_chest_press,Band Chest Press,horizontal_press,standing_chest_press,Band Chest Press[equipment=resistance_band],,Band Chest Press=reps[reps],none,,Band Chest Press=review,khlHMqs,band bench press,band,https://static.exercisedb.dev/media/khlHMqs.gif,rejected_material_mismatch,bench-supported press conflicts with the accepted standing chest-press base,metadata_gate,1,Candidate rejected by accepted physical-compatibility gates.
visual_band_dead_bug_pulldown,Band Dead Bug Pulldown,core_anti_extension,band_dead_bug_pulldown,Band Dead Bug Pulldown[equipment=bodyweight+resistance_band],,Band Dead Bug Pulldown=reps[reps],none,,Band Dead Bug Pulldown=review,k6tUeqS,band underhand pulldown,band,https://static.exercisedb.dev/media/k6tUeqS.gif,rejected_material_mismatch,standalone band pulldown omits the defining supine dead-bug movement,metadata_gate,1,Candidate rejected by accepted physical-compatibility gates.
visual_band_face_pull,Band Face Pull,rear_delt_retraction,face_pull,Band Face Pull[equipment=resistance_band],,Band Face Pull=reps[reps],none,,Band Face Pull=review,sTfvVsG,band reverse fly,band,https://static.exercisedb.dev/media/sTfvVsG.gif,rejected_material_mismatch,reverse fly does not depict a face-pull path,metadata_gate,1,Candidate rejected by accepted physical-compatibility gates.
visual_band_glute_bridge,Band Glute Bridge,hip_extension,glute_bridge,Band Glute Bridge[equipment=bodyweight+resistance_band],,Band Glute Bridge=reps[reps],none,,Band Glute Bridge=review,GibBPPg,glute bridge march,body weight,https://static.exercisedb.dev/media/GibBPPg.gif,rejected_material_mismatch,unbanded marching bridge mismatches both equipment and execution,metadata_gate,1,Candidate rejected by accepted physical-compatibility gates.
visual_band_hammer_curl,Band Hammer Curl,elbow_flexion,hammer_curl,Band Hammer Curl[equipment=resistance_band; grip=hammer],,Band Hammer Curl=reps[reps],none,,Band Hammer Curl=review,vUTfFHw,band wrist curl,band,https://static.exercisedb.dev/media/vUTfFHw.gif,rejected_material_mismatch,wrist curl is a different joint action from the accepted hammer curl,metadata_gate,1,Candidate rejected by accepted physical-compatibility gates.
visual_band_hamstring_curl,Band Hamstring Curl,knee_flexion,hamstring_curl,Band Hamstring Curl[equipment=resistance_band],,Band Hamstring Curl=reps[reps],none,,Band Hamstring Curl=review,vUTfFHw,band wrist curl,band,https://static.exercisedb.dev/media/vUTfFHw.gif,rejected_material_mismatch,upper-body wrist curl does not depict the accepted knee-flexion exercise,metadata_gate,1,Candidate rejected by accepted physical-compatibility gates.
visual_band_lat_pulldown,Band Lat Pulldown,vertical_pull,lat_pulldown,Band Lat Pulldown[equipment=resistance_band],,Band Lat Pulldown=reps[reps],none,,Band Lat Pulldown=review,k6tUeqS,band underhand pulldown,band,https://static.exercisedb.dev/media/k6tUeqS.gif,review_required,underhand grip may be material; visual not sufficiently generic,not_visually_reviewed,1,Plausible candidate remains below exact-approval confidence.
visual_band_lateral_raise,Band Lateral Raise,shoulder_elevation,shoulder_raise,Band Lateral Raise[equipment=resistance_band],,Band Lateral Raise=reps[reps],none,,Band Lateral Raise=review,sTg7iys,band front lateral raise,band,https://static.exercisedb.dev/media/sTg7iys.gif,rejected_material_mismatch,provider raises forward rather than in the accepted lateral direction,metadata_gate,1,Candidate rejected by accepted physical-compatibility gates.
visual_band_lateral_walk,Band Lateral Walk,hip_abduction,lateral_walk,Band Lateral Walk[equipment=resistance_band; locomotion_mode=walk],,Band Lateral Walk=reps[reps/distance],none,,Band Lateral Walk=review,sTg7iys,band front lateral raise,band,https://static.exercisedb.dev/media/sTg7iys.gif,rejected_material_mismatch,upper-body front/lateral raise does not depict resisted lateral locomotion,metadata_gate,1,Candidate rejected by accepted physical-compatibility gates.
visual_band_monster_walk,Band Monster Walk,hip_abduction,monster_walk,Band Monster Walk[equipment=resistance_band; locomotion_mode=walk],,Band Monster Walk=reps[reps/distance],none,,Band Monster Walk=review,O95afRA,monster walk,body weight,https://static.exercisedb.dev/media/O95afRA.gif,rejected_material_mismatch,provider record and visual omit the required resistance band,metadata_gate,1,Candidate rejected by accepted physical-compatibility gates.
visual_band_overhead_triceps_extension,Band Overhead Triceps Extension,elbow_extension,overhead_triceps_extension,Band Overhead Triceps Extension[equipment=resistance_band],,Band Overhead Triceps Extension=reps[reps],none,,Band Overhead Triceps Extension=review,obe5LMq,band side triceps extension,band,https://static.exercisedb.dev/media/obe5LMq.gif,rejected_material_mismatch,side extension does not depict the defining overhead setup,metadata_gate,1,Candidate rejected by accepted physical-compatibility gates.
visual_band_pallof_press,Band Pallof Press,core_anti_rotation,pallof_press,Band Pallof Press[equipment=resistance_band; execution_mode=dynamic],,Band Pallof Press=reps[reps],none,,Band Pallof Press=exact,9pa4H5m,band horizontal pallof press,band,https://static.exercisedb.dev/media/9pa4H5m.gif,ascendapi_approved_exact,,three_representative_frames_approved,1,retained_prior_exact
visual_band_pull_through,Band Pull-Through,hip_hinge,pull_through,Band Pull-Through[equipment=resistance_band],,Band Pull-Through=reps[reps],none,,Band Pull-Through=exact,VtTbiP3,band pull through,band,https://static.exercisedb.dev/media/VtTbiP3.gif,ascendapi_approved_exact,,three_representative_frames_approved,1,retained_prior_exact
visual_band_resisted_push_up,Band Resisted Push-Up,horizontal_press,push_up,Band Resisted Push-Up[equipment=bodyweight+resistance_band],,Band Resisted Push-Up=reps[reps],none,,Band Resisted Push-Up=review,I4hDWkc,push-up,body weight,https://static.exercisedb.dev/media/I4hDWkc.gif,rejected_material_mismatch,plain push-up omits the required resistance band,metadata_gate,1,Candidate rejected by accepted physical-compatibility gates.
visual_band_romanian_deadlift,Band Romanian Deadlift,hip_hinge,romanian_deadlift,Band Romanian Deadlift[equipment=resistance_band],,Band Romanian Deadlift=reps[reps],none,,Band Romanian Deadlift=review,KUaoUV8,band straight leg deadlift,band,https://static.exercisedb.dev/media/KUaoUV8.gif,review_required,straight-leg versus Romanian deadlift knee/range semantics remain unclear,not_visually_reviewed,1,Plausible candidate remains below exact-approval confidence.
visual_band_row,Band Row,rowing,row,Band Row[equipment=resistance_band],,Band Row=reps[reps],none,,Band Row=review,w1NOByi,band squat row,band,https://static.exercisedb.dev/media/w1NOByi.gif,rejected_material_mismatch,provider adds a defining squat to the row,metadata_gate,1,Candidate rejected by accepted physical-compatibility gates.
visual_band_shoulder_dislocate,Band Shoulder Dislocate,shoulder_mobility,shoulder_dislocate,Band Shoulder Dislocate[equipment=resistance_band; execution_mode=dynamic],,Band Shoulder Dislocate=reps[reps],none,,Band Shoulder Dislocate=review,peAeMR3,band shoulder press,band,https://static.exercisedb.dev/media/peAeMR3.gif,rejected_material_mismatch,vertical shoulder press does not depict the accepted shoulder-dislocate arc,metadata_gate,1,Candidate rejected by accepted physical-compatibility gates.
visual_band_shoulder_press,Band Shoulder Press,vertical_press,overhead_press,Band Shoulder Press[equipment=resistance_band],,Band Shoulder Press=reps[reps],none,,Band Shoulder Press=exact,peAeMR3,band shoulder press,band,https://static.exercisedb.dev/media/peAeMR3.gif,ascendapi_approved_exact,,three_representative_frames_approved,1,retained_prior_exact
visual_band_split_squat,Band Split Squat,unilateral_knee_dominant,split_squat,Band Split Squat[equipment=resistance_band; stance=split],,Band Split Squat=reps[reps],none,,Band Split Squat=review,TUZLh71,band squat,band,https://static.exercisedb.dev/media/TUZLh71.gif,rejected_material_mismatch,bilateral squat omits the defining split stance,metadata_gate,1,Candidate rejected by accepted physical-compatibility gates.
visual_band_squat,Band Squat,bilateral_knee_dominant,squat,Band Squat[equipment=resistance_band],,Band Squat=reps[reps],none,,Band Squat=review,TUZLh71,band squat,band,https://static.exercisedb.dev/media/TUZLh71.gif,ascendapi_approved_exact,,three_representative_frames_approved,1,new_structured_exact
visual_band_straight_arm_pulldown,Band Straight-Arm Pulldown,vertical_pull,straight_arm_pulldown,Band Straight-Arm Pulldown[equipment=resistance_band],,Band Straight-Arm Pulldown=reps[reps],none,,Band Straight-Arm Pulldown=review,pmnrOp0,band kneeling one arm pulldown,band,https://static.exercisedb.dev/media/pmnrOp0.gif,rejected_material_mismatch,kneeling one-arm pulldown conflicts with straight-arm bilateral identity,metadata_gate,1,Candidate rejected by accepted physical-compatibility gates.
visual_band_triceps_pressdown,Band Triceps Pressdown,elbow_extension,triceps_pressdown,Band Triceps Pressdown[equipment=resistance_band],,Band Triceps Pressdown=reps[reps],none,,Band Triceps Pressdown=review,obe5LMq,band side triceps extension,band,https://static.exercisedb.dev/media/obe5LMq.gif,rejected_material_mismatch,side extension does not depict a vertical pressdown,metadata_gate,1,Candidate rejected by accepted physical-compatibility gates.
visual_band_woodchop,Band Woodchop,rotational_core,woodchop,Band Woodchop[equipment=resistance_band],,Band Woodchop=reps[reps],none,,Band Woodchop=review,,,,,no_provider_candidate,no locally ranked V1 record survives the accepted physical-identity gates,not_applicable,1,No provider mapping is proposed.
visual_barbell_calf_raise,Barbell Calf Raise,ankle_plantarflexion,calf_raise,Barbell Calf Raise[equipment=barbell+rack+plates],,Barbell Calf Raise=reps[reps],none,,Barbell Calf Raise=review,8ozhUIZ,barbell standing calf raise,barbell,https://static.exercisedb.dev/media/8ozhUIZ.gif,ascendapi_approved_exact,,three_representative_frames_approved,1,new_structured_exact
visual_barbell_high_pull,Barbell High Pull,vertical_power_pull,high_pull,Barbell High Pull[equipment=barbell+plates],,Barbell High Pull=reps[reps],none,,Barbell High Pull=review,dG5Smob,snatch pull,barbell,https://static.exercisedb.dev/media/dG5Smob.gif,rejected_material_mismatch,snatch pull is a materially different base movement and range,metadata_gate,1,Candidate rejected by accepted physical-compatibility gates.
visual_barbell_hip_hinge_drill,Barbell Hip Hinge Drill,hip_hinge,hip_hinge_drill,Barbell Hip Hinge Drill[equipment=barbell; execution_mode=dynamic],,Barbell Hip Hinge Drill=reps[reps],none,,Barbell Hip Hinge Drill=review,,,,,no_provider_candidate,no locally ranked V1 record survives the accepted physical-identity gates,not_applicable,1,No provider mapping is proposed.
visual_barbell_reverse_grip_row,Barbell Reverse-Grip Row,rowing,row,Barbell Reverse-Grip Row[equipment=barbell+plates; grip=reverse],,Barbell Reverse-Grip Row=reps[reps],none,,Barbell Reverse-Grip Row=review,SzX3uzM,barbell reverse grip bent over row,barbell,https://static.exercisedb.dev/media/SzX3uzM.gif,review_required,"provider name says reverse grip, instructions say overhand, and frames do not resolve the conflict",three_frame_inconclusive,1,Plausible candidate remains below exact-approval confidence.
visual_barbell_reverse_lunge,Barbell Reverse Lunge,unilateral_knee_dominant,reverse_lunge,Barbell Reverse Lunge[equipment=barbell+rack+plates; stance=split],,Barbell Reverse Lunge=reps[reps],none,,Barbell Reverse Lunge=review,VaP75jl,barbell rear lunge,barbell,https://static.exercisedb.dev/media/VaP75jl.gif,ascendapi_approved_exact,,three_representative_frames_approved,1,new_structured_exact
visual_barbell_split_squat,Barbell Split Squat,unilateral_knee_dominant,split_squat,Barbell Split Squat[equipment=barbell+rack+plates; stance=split],,Barbell Split Squat=reps[reps],none,,Barbell Split Squat=review,HBYyX94,barbell split squat v. 2,barbell,https://static.exercisedb.dev/media/HBYyX94.gif,review_required,frames show an unusual low bar/load setup not confidently equivalent to the accepted identity,three_frame_inconclusive,1,Plausible candidate remains below exact-approval confidence.
visual_barbell_tall_kneeling_press,Barbell Tall-Kneeling Press,vertical_press,overhead_press,Barbell Tall-Kneeling Press[body_position=tall_kneeling; equipment=barbell+plates],,Barbell Tall-Kneeling Press=reps[reps],none,,Barbell Tall-Kneeling Press=review,kTbSH9h,barbell seated overhead press,barbell,https://static.exercisedb.dev/media/kTbSH9h.gif,rejected_material_mismatch,seated press conflicts with the defining tall-kneeling position,metadata_gate,1,Candidate rejected by accepted physical-compatibility gates.
visual_bear_crawl,Bear Crawl,quadrupedal_locomotion,bear_crawl,Bear Crawl[equipment=bodyweight],,Bear Crawl=distance[duration/distance],none,,Bear Crawl=review,0Yz8WdV,bear crawl,body weight,https://static.exercisedb.dev/media/0Yz8WdV.gif,ascendapi_approved_exact,,three_representative_frames_approved,1,new_structured_exact
visual_bird_dog,Bird Dog,core_anti_rotation,bird_dog,Bird Dog[equipment=bodyweight; execution_mode=dynamic],,Bird Dog=reps[reps],none,,Bird Dog=no_match,,,,,no_provider_candidate,no locally ranked V1 record survives the accepted physical-identity gates,not_applicable,1,No provider mapping is proposed.
visual_cable_90_90_external_rotation,Cable 90/90 External Rotation,shoulder_rotation,shoulder_90_90_external_rotation,Cable 90/90 External Rotation[equipment=cable; execution_mode=dynamic],,Cable 90/90 External Rotation=reps[reps],none,,Cable 90/90 External Rotation=review,FWdVhcW,cable standing shoulder external rotation,cable,https://static.exercisedb.dev/media/FWdVhcW.gif,rejected_material_mismatch,arm-at-side external rotation omits the defining 90/90 position,metadata_gate,1,Candidate rejected by accepted physical-compatibility gates.
visual_cable_anti_rotation_hold,Cable Anti-Rotation Hold,core_anti_rotation,anti_rotation_hold,Cable Anti-Rotation Hold[equipment=cable; execution_mode=isometric],,Cable Anti-Rotation Hold=duration[duration],none,,Cable Anti-Rotation Hold=review,,,,,no_provider_candidate,no locally ranked V1 record survives the accepted physical-identity gates,not_applicable,1,No provider mapping is proposed.
visual_cable_chest_fly,Cable Chest Fly,chest_fly,chest_fly,Cable Chest Fly[equipment=cable],,Cable Chest Fly=reps[reps],none,,Cable Chest Fly=review,Pr9Rhf4,cable standing fly,cable,https://static.exercisedb.dev/media/Pr9Rhf4.gif,ascendapi_approved_exact,,three_representative_frames_approved,1,new_structured_exact
visual_cable_external_rotation,Cable External Rotation,shoulder_rotation,external_rotation,Cable External Rotation[equipment=cable; execution_mode=dynamic],,Cable External Rotation=reps[reps],none,,Cable External Rotation=review,FWdVhcW,cable standing shoulder external rotation,cable,https://static.exercisedb.dev/media/FWdVhcW.gif,ascendapi_approved_exact,,three_representative_frames_approved,1,new_structured_exact
visual_cable_high_row,Cable High Row,rowing,high_row,Cable High Row[equipment=cable; movement_direction=high_diagonal],,Cable High Row=reps[reps],none,,Cable High Row=review,ZSJNetl,cable high row (kneeling),cable,https://static.exercisedb.dev/media/ZSJNetl.gif,review_required,high-row path is plausible but the defining kneeling setup is not in accepted variants,three_frame_inconclusive,1,Plausible candidate remains below exact-approval confidence.
visual_cable_kickback,Cable Kickback,hip_extension,glute_kickback,Cable Kickback[equipment=cable],,Cable Kickback=reps[reps],none,,Cable Kickback=review,HEJ6DIX,cable kickback,cable,https://static.exercisedb.dev/media/HEJ6DIX.gif,rejected_material_mismatch,provider depicts a triceps kickback while accepted taxonomy places this under glute kickback,three_frame_rejected,1,Candidate rejected by accepted physical-compatibility gates.
visual_cable_lat_pulldown,Cable Lat Pulldown,vertical_pull,lat_pulldown,Cable Lat Pulldown[equipment=cable],,Cable Lat Pulldown=reps[reps],none,,Cable Lat Pulldown=exact,qdRxqCj,cable pulldown (pro lat bar),cable,https://static.exercisedb.dev/media/qdRxqCj.gif,ascendapi_approved_exact,,three_representative_frames_approved,1,retained_prior_exact
visual_cable_lateral_lunge,Cable Lateral Lunge,unilateral_knee_dominant,lateral_lunge,Cable Lateral Lunge[equipment=cable; stance=split],,Cable Lateral Lunge=reps[reps],none,,Cable Lateral Lunge=review,goJ6ezq,cable lateral raise,cable,https://static.exercisedb.dev/media/goJ6ezq.gif,rejected_material_mismatch,upper-body lateral raise does not depict a lateral lunge,metadata_gate,1,Candidate rejected by accepted physical-compatibility gates.
visual_cable_lateral_raise,Cable Lateral Raise,shoulder_elevation,lateral_raise,Cable Lateral Raise[equipment=cable],,Cable Lateral Raise=reps[reps],none,,Cable Lateral Raise=exact,goJ6ezq,cable lateral raise,cable,https://static.exercisedb.dev/media/goJ6ezq.gif,ascendapi_approved_exact,,three_representative_frames_approved,1,retained_prior_exact
visual_cable_pallof_press,Cable Pallof Press,core_anti_rotation,pallof_press,Cable Pallof Press[equipment=cable; execution_mode=dynamic],,Cable Pallof Press=reps[reps],none,,Cable Pallof Press=review,2Pya1cP,cable decline press,cable,https://static.exercisedb.dev/media/2Pya1cP.gif,rejected_material_mismatch,decline chest press does not depict the accepted anti-rotation Pallof path,metadata_gate,1,Candidate rejected by accepted physical-compatibility gates.
visual_cable_pull_through,Cable Pull-Through,hip_hinge,pull_through,Cable Pull-Through[attachment=rope; equipment=cable+rope_cable_attachment],,Cable Pull-Through=reps[reps],none,,Cable Pull-Through=review,OM46QHm,cable pull through (with rope),cable,https://static.exercisedb.dev/media/OM46QHm.gif,ascendapi_approved_exact,,three_representative_frames_approved,1,new_structured_exact
visual_cable_rear_delt_row,Cable Rear Delt Row,rear_delt_retraction,rear_delt_row,Cable Rear Delt Row[equipment=cable; movement_direction=horizontal],,Cable Rear Delt Row=reps[reps],none,,Cable Rear Delt Row=review,wqNPGCg,cable rear delt row (with rope),cable,https://static.exercisedb.dev/media/wqNPGCg.gif,rejected_material_mismatch,rope-to-face path and attachment do not depict the accepted horizontal rear-delt row,three_frame_rejected,1,Candidate rejected by accepted physical-compatibility gates.
visual_cable_reverse_fly,Cable Reverse Fly,rear_delt_retraction,rear_delt_fly,Cable Reverse Fly[equipment=cable],,Cable Reverse Fly=reps[reps],none,,Cable Reverse Fly=review,PQcUlDi,cable supine reverse fly,cable,https://static.exercisedb.dev/media/PQcUlDi.gif,rejected_material_mismatch,supine bench setup is materially different from the unqualified cable reverse fly,three_frame_rejected,1,Candidate rejected by accepted physical-compatibility gates.
visual_cable_romanian_deadlift,Cable Romanian Deadlift,hip_hinge,romanian_deadlift,Cable Romanian Deadlift[equipment=cable],,Cable Romanian Deadlift=reps[reps],none,,Cable Romanian Deadlift=review,eGDudUV,cable deadlift,cable,https://static.exercisedb.dev/media/eGDudUV.gif,rejected_material_mismatch,provider cable deadlift uses materially different knee and range mechanics,metadata_gate,1,Candidate rejected by accepted physical-compatibility gates.
visual_cable_row,Cable Row,rowing,cable_row,Cable Row[equipment=cable; movement_direction=horizontal],,Cable Row=reps[reps],none,,Cable Row=review,fUBheHs,cable seated row,cable,https://static.exercisedb.dev/media/fUBheHs.gif,review_required,seated support may be material for the unqualified cable-row identity,not_visually_reviewed,1,Plausible candidate remains below exact-approval confidence.
visual_cable_upright_row,Cable Upright Row,shoulder_elevation,upright_row,Cable Upright Row[equipment=cable; movement_direction=vertical],,Cable Upright Row=reps[reps],none,,Cable Upright Row=exact,cALKspW,cable upright row,cable,https://static.exercisedb.dev/media/cALKspW.gif,ascendapi_approved_exact,,three_representative_frames_approved,1,retained_prior_exact
visual_cable_woodchop,Cable Woodchop,rotational_core,woodchop,Cable Woodchop[equipment=cable],,Cable Woodchop=reps[reps],none,,Cable Woodchop=review,aVs3BR3,cable twist,cable,https://static.exercisedb.dev/media/aVs3BR3.gif,review_required,cable twist metadata does not establish the accepted woodchop path,not_visually_reviewed,1,Plausible candidate remains below exact-approval confidence.
visual_cable_y_raise,Cable Y Raise,shoulder_elevation,y_raise,Cable Y Raise[equipment=cable],,Cable Y Raise=reps[reps],none,,Cable Y Raise=review,goJ6ezq,cable lateral raise,cable,https://static.exercisedb.dev/media/goJ6ezq.gif,rejected_material_mismatch,lateral raise does not depict the accepted Y direction,metadata_gate,1,Candidate rejected by accepted physical-compatibility gates.
visual_cat_cow,Cat-Cow,mobility,cat_cow,Cat-Cow[body_position=quadruped; equipment=bodyweight; execution_mode=dynamic],,Cat-Cow=reps[reps],none,,Cat-Cow=no_match,,,,,no_provider_candidate,no locally ranked V1 record survives the accepted physical-identity gates,not_applicable,1,No provider mapping is proposed.
visual_chest_supported_dumbbell_row,Chest-Supported Dumbbell Row,rowing,row,Chest-Supported Dumbbell Row[body_position=chest_supported; equipment=dumbbell+adjustable_bench; support_type=bench],,Chest-Supported Dumbbell Row=reps[reps],none,,Chest-Supported Dumbbell Row=review,7vG5o25,dumbbell incline row,dumbbell,https://static.exercisedb.dev/media/7vG5o25.gif,ascendapi_approved_exact,,three_representative_frames_approved,1,new_structured_exact
visual_chest_supported_rear_delt_fly,Chest-Supported Rear Delt Fly,rear_delt_retraction,rear_delt_fly,Chest-Supported Rear Delt Fly[body_position=chest_supported; equipment=dumbbell+adjustable_bench; support_type=bench],,Chest-Supported Rear Delt Fly=reps[reps],none,,Chest-Supported Rear Delt Fly=no_match,vYk8lqw,dumbbell incline rear lateral raise,dumbbell,https://static.exercisedb.dev/media/vYk8lqw.gif,ascendapi_approved_exact,,three_representative_frames_approved,1,new_structured_exact
visual_chest_supported_row,Chest-Supported Row,rowing,row,Chest-Supported Row[body_position=chest_supported; equipment=dumbbell+adjustable_bench; support_type=bench],,Chest-Supported Row=reps[reps],none,,Chest-Supported Row=no_match,7vG5o25,dumbbell incline row,dumbbell,https://static.exercisedb.dev/media/7vG5o25.gif,review_required,possible alias to chest-supported dumbbell row remains explicitly unresolved,not_visually_reviewed,1,Plausible candidate remains below exact-approval confidence.
visual_childs_pose_lat_stretch,Child's Pose Lat Stretch,mobility,childs_pose_lat_stretch,Child's Pose Lat Stretch[body_position=childs_pose; equipment=bodyweight; execution_mode=isometric],,Child's Pose Lat Stretch=duration[duration],none,,Child's Pose Lat Stretch=review,f38OEuO,kneeling lat stretch,body weight,https://static.exercisedb.dev/media/f38OEuO.gif,review_required,kneeling lat stretch is plausible but metadata does not establish the defining child's-pose setup,not_visually_reviewed,1,Plausible candidate remains below exact-approval confidence.
visual_close_grip_push_up,Close-Grip Push-Up,horizontal_press,push_up,Close-Grip Push-Up[equipment=bodyweight; grip=close],,Close-Grip Push-Up=reps[reps],none,,Close-Grip Push-Up=review,x6KpKpq,close-grip push-up,body weight,https://static.exercisedb.dev/media/x6KpKpq.gif,ascendapi_approved_exact,,three_representative_frames_approved,1,new_structured_exact
visual_commando_pull_up,Commando Pull-Up,vertical_pull,commando_pull_up,Commando Pull-Up[equipment=pull_up_bar; grip=mixed],,Commando Pull-Up=reps[reps],none,,Commando Pull-Up=no_match,,,,,no_provider_candidate,no locally ranked V1 record survives the accepted physical-identity gates,not_applicable,1,No provider mapping is proposed.
visual_dead_hang,Dead Hang,vertical_pull,bar_hang,Dead Hang[equipment=pull_up_bar; execution_mode=isometric],,Dead Hang=duration[duration],none,,Dead Hang=no_match,,,,,no_provider_candidate,no locally ranked V1 record survives the accepted physical-identity gates,not_applicable,1,No provider mapping is proposed.
visual_dumbbell_bulgarian_split_squat,Dumbbell Bulgarian Split Squat,unilateral_knee_dominant,split_squat,Dumbbell Bulgarian Split Squat[equipment=dumbbell+adjustable_bench; stance=split; support_type=bench],,Dumbbell Bulgarian Split Squat=reps[reps],none,,Dumbbell Bulgarian Split Squat=review,QjE2DcA,dumbbell step-up split squat,dumbbell,https://static.exercisedb.dev/media/QjE2DcA.gif,rejected_material_mismatch,step-up split-squat setup does not match the defining Bulgarian rear-foot elevation,three_frame_rejected,1,Candidate rejected by accepted physical-compatibility gates.
visual_dumbbell_calf_raise,Dumbbell Calf Raise,ankle_plantarflexion,calf_raise,Dumbbell Calf Raise[equipment=dumbbell],,Dumbbell Calf Raise=reps[reps],none,,Dumbbell Calf Raise=review,dPmaUaU,dumbbell standing calf raise,dumbbell,https://static.exercisedb.dev/media/dPmaUaU.gif,ascendapi_approved_exact,,three_representative_frames_approved,1,new_structured_exact
visual_dumbbell_cross_body_hammer_curl,Dumbbell Cross-Body Hammer Curl,elbow_flexion,hammer_curl,Dumbbell Cross-Body Hammer Curl[equipment=dumbbell; grip=hammer; movement_direction=cross_body],,Dumbbell Cross-Body Hammer Curl=reps[reps],none,,Dumbbell Cross-Body Hammer Curl=exact,Qyk5J3p,dumbbell cross body hammer curl,dumbbell,https://static.exercisedb.dev/media/Qyk5J3p.gif,ascendapi_approved_exact,,three_representative_frames_approved,1,retained_prior_exact
visual_dumbbell_farmer_march,Dumbbell Farmer March,loaded_carry,farmer_carry,Dumbbell Farmer March[equipment=dumbbell; laterality=bilateral; load_position=sides; locomotion_mode=march],,Dumbbell Farmer March=reps[reps/duration],none,,Dumbbell Farmer March=review,qPEzJjA,farmers walk,dumbbell,https://static.exercisedb.dev/media/qPEzJjA.gif,rejected_material_mismatch,walking farmer carry conflicts with the accepted in-place march locomotion mode,metadata_gate,1,Candidate rejected by accepted physical-compatibility gates.
visual_dumbbell_front_rack_carry,Dumbbell Front Rack Carry,loaded_carry,front_rack_carry,Dumbbell Front Rack Carry[equipment=dumbbell; load_position=front_rack; locomotion_mode=walk],,Dumbbell Front Rack Carry=distance[duration/distance],none,,Dumbbell Front Rack Carry=review,mWBtgmb,dumbbell single arm overhead carry,dumbbell,https://static.exercisedb.dev/media/mWBtgmb.gif,rejected_material_mismatch,single-arm overhead carry conflicts with the front-rack load position,metadata_gate,1,Candidate rejected by accepted physical-compatibility gates.
visual_dumbbell_front_squat,Dumbbell Front Squat,bilateral_knee_dominant,squat,Dumbbell Front Squat[equipment=dumbbell; load_position=front_rack],,Dumbbell Front Squat=reps[reps],none,,Dumbbell Front Squat=review,HsvHqgf,dumbbell squat,dumbbell,https://static.exercisedb.dev/media/HsvHqgf.gif,rejected_material_mismatch,dumbbells at the sides omit the defining front-rack load position,metadata_gate,1,Candidate rejected by accepted physical-compatibility gates.
visual_dumbbell_hammer_curl,Dumbbell Hammer Curl,elbow_flexion,hammer_curl,Dumbbell Hammer Curl[equipment=dumbbell; grip=hammer],,Dumbbell Hammer Curl=reps[reps],none,,Dumbbell Hammer Curl=exact,slDvUAU,dumbbell hammer curl,dumbbell,https://static.exercisedb.dev/media/slDvUAU.gif,ascendapi_approved_exact,,three_representative_frames_approved,1,retained_prior_exact
visual_dumbbell_heel_elevated_goblet_squat,Dumbbell Heel-Elevated Goblet Squat,bilateral_knee_dominant,goblet_squat,Dumbbell Heel-Elevated Goblet Squat[equipment=dumbbell+plates; load_position=goblet],,Dumbbell Heel-Elevated Goblet Squat=reps[reps],none,,Dumbbell Heel-Elevated Goblet Squat=review,yn8yg1r,dumbbell goblet squat,dumbbell,https://static.exercisedb.dev/media/yn8yg1r.gif,rejected_material_mismatch,standard goblet squat omits the defining heel elevation,metadata_gate,1,Candidate rejected by accepted physical-compatibility gates.
visual_dumbbell_hip_thrust,Dumbbell Hip Thrust,hip_extension,hip_thrust,Dumbbell Hip Thrust[equipment=dumbbell+adjustable_bench; support_type=bench],,Dumbbell Hip Thrust=reps[reps],none,,Dumbbell Hip Thrust=review,,,,,no_provider_candidate,no locally ranked V1 record survives the accepted physical-identity gates,not_applicable,1,No provider mapping is proposed.
visual_dumbbell_lateral_lunge,Dumbbell Lateral Lunge,unilateral_knee_dominant,lateral_lunge,Dumbbell Lateral Lunge[equipment=dumbbell; stance=split],,Dumbbell Lateral Lunge=reps[reps],none,,Dumbbell Lateral Lunge=review,RRWFUcw,dumbbell lunge,dumbbell,https://static.exercisedb.dev/media/RRWFUcw.gif,review_required,generic dumbbell lunge does not establish lateral movement direction,not_visually_reviewed,1,Plausible candidate remains below exact-approval confidence.
visual_dumbbell_offset_reverse_lunge,Dumbbell Offset Reverse Lunge,unilateral_knee_dominant,reverse_lunge,Dumbbell Offset Reverse Lunge[equipment=dumbbell; laterality=unilateral; stance=split],,Dumbbell Offset Reverse Lunge=reps[reps],none,,Dumbbell Offset Reverse Lunge=review,SSsBDwB,dumbbell rear lunge,dumbbell,https://static.exercisedb.dev/media/SSsBDwB.gif,rejected_material_mismatch,bilateral dumbbell rear lunge omits the defining offset load,metadata_gate,1,Candidate rejected by accepted physical-compatibility gates.
visual_dumbbell_pullover,Dumbbell Pullover,shoulder_extension,dumbbell_pullover,Dumbbell Pullover[equipment=dumbbell+adjustable_bench; execution_mode=dynamic; support_type=bench],,Dumbbell Pullover=reps[reps],none,,Dumbbell Pullover=review,9XjtHvS,dumbbell pullover,dumbbell,https://static.exercisedb.dev/media/9XjtHvS.gif,ascendapi_approved_exact,,three_representative_frames_approved,1,new_structured_exact
visual_dumbbell_rdl,Dumbbell RDL,hip_hinge,romanian_deadlift,Dumbbell RDL[equipment=dumbbell],,Dumbbell RDL=reps[reps],none,,Dumbbell RDL=review,rR0LJzx,dumbbell romanian deadlift,dumbbell,https://static.exercisedb.dev/media/rR0LJzx.gif,ascendapi_approved_exact,,three_representative_frames_approved,1,new_structured_exact
visual_dumbbell_rear_delt_fly,Dumbbell Rear Delt Fly,rear_delt_retraction,rear_delt_fly,Dumbbell Rear Delt Fly[equipment=dumbbell],,Dumbbell Rear Delt Fly=reps[reps],none,,Dumbbell Rear Delt Fly=exact,8DiFDVA,dumbbell rear fly,dumbbell,https://static.exercisedb.dev/media/8DiFDVA.gif,ascendapi_approved_exact,,three_representative_frames_approved,1,retained_prior_exact
visual_dumbbell_renegade_row,Dumbbell Renegade Row,rowing,renegade_row,Dumbbell Renegade Row[body_position=plank; equipment=dumbbell],,Dumbbell Renegade Row=reps[reps],none,,Dumbbell Renegade Row=review,7vG5o25,dumbbell incline row,dumbbell,https://static.exercisedb.dev/media/7vG5o25.gif,rejected_material_mismatch,incline bench row conflicts with the defining plank support,metadata_gate,1,Candidate rejected by accepted physical-compatibility gates.
visual_dumbbell_reverse_curl,Dumbbell Reverse Curl,elbow_flexion,reverse_curl,Dumbbell Reverse Curl[equipment=dumbbell; grip=reverse],,Dumbbell Reverse Curl=reps[reps],none,,Dumbbell Reverse Curl=review,0IgNjSM,dumbbell standing reverse curl,dumbbell,https://static.exercisedb.dev/media/0IgNjSM.gif,ascendapi_approved_exact,,three_representative_frames_approved,1,new_structured_exact
visual_dumbbell_shoulder_press,Dumbbell Shoulder Press,vertical_press,overhead_press,Dumbbell Shoulder Press[equipment=dumbbell],,Dumbbell Shoulder Press=reps[reps],none,,Dumbbell Shoulder Press=review,A6wtbuL,dumbbell standing overhead press,dumbbell,https://static.exercisedb.dev/media/A6wtbuL.gif,ascendapi_approved_exact,,three_representative_frames_approved,1,new_structured_exact
visual_dumbbell_single_leg_rdl,Dumbbell Single-Leg RDL,hip_hinge,romanian_deadlift,Dumbbell Single-Leg RDL[equipment=dumbbell; laterality=unilateral],,Dumbbell Single-Leg RDL=reps[reps],none,,Dumbbell Single-Leg RDL=review,gKozT8X,dumbbell single leg deadlift,dumbbell,https://static.exercisedb.dev/media/gKozT8X.gif,ascendapi_approved_exact,,three_representative_frames_approved,1,new_structured_exact
visual_dumbbell_skater_squat,Dumbbell Skater Squat,unilateral_knee_dominant,skater_squat,Dumbbell Skater Squat[equipment=dumbbell; laterality=unilateral],,Dumbbell Skater Squat=reps[reps],none,,Dumbbell Skater Squat=review,HsvHqgf,dumbbell squat,dumbbell,https://static.exercisedb.dev/media/HsvHqgf.gif,rejected_material_mismatch,bilateral squat conflicts with accepted unilateral skater execution,metadata_gate,1,Candidate rejected by accepted physical-compatibility gates.
visual_dumbbell_skull_crusher,Dumbbell Skull Crusher,elbow_extension,skull_crusher,Dumbbell Skull Crusher[equipment=dumbbell+adjustable_bench; support_type=bench],,Dumbbell Skull Crusher=reps[reps],none,,Dumbbell Skull Crusher=review,mpKZGWz,dumbbell lying triceps extension,dumbbell,https://static.exercisedb.dev/media/mpKZGWz.gif,ascendapi_approved_exact,,three_representative_frames_approved,1,new_structured_exact
visual_dumbbell_spider_curl,Dumbbell Spider Curl,elbow_flexion,spider_curl,Dumbbell Spider Curl[equipment=dumbbell+adjustable_bench; support_type=bench],,Dumbbell Spider Curl=reps[reps],none,,Dumbbell Spider Curl=review,6sMAmNv,dumbbell reverse spider curl,dumbbell,https://static.exercisedb.dev/media/6sMAmNv.gif,rejected_material_mismatch,provider explicitly uses a reverse grip not accepted for the unqualified spider curl,metadata_gate,1,Candidate rejected by accepted physical-compatibility gates.
visual_dumbbell_squeeze_press,Dumbbell Squeeze Press,horizontal_press,squeeze_press,Dumbbell Squeeze Press[equipment=dumbbell+adjustable_bench; support_type=bench],,Dumbbell Squeeze Press=reps[reps],none,,Dumbbell Squeeze Press=review,s5PdDyY,dumbbell tate press,dumbbell,https://static.exercisedb.dev/media/s5PdDyY.gif,rejected_material_mismatch,Tate-press candidate does not depict sustained dumbbell squeeze,metadata_gate,1,Candidate rejected by accepted physical-compatibility gates.
visual_dumbbell_suitcase_deadlift,Dumbbell Suitcase Deadlift,hip_hinge,deadlift,Dumbbell Suitcase Deadlift[equipment=dumbbell; laterality=unilateral],,Dumbbell Suitcase Deadlift=reps[reps],none,,Dumbbell Suitcase Deadlift=review,nUwVh7b,dumbbell deadlift,dumbbell,https://static.exercisedb.dev/media/nUwVh7b.gif,rejected_material_mismatch,bilateral dumbbell deadlift conflicts with unilateral suitcase loading,metadata_gate,1,Candidate rejected by accepted physical-compatibility gates.
visual_dumbbell_suitcase_march,Dumbbell Suitcase March,loaded_carry,suitcase_carry,Dumbbell Suitcase March[equipment=dumbbell; laterality=unilateral; load_position=suitcase; locomotion_mode=march],,Dumbbell Suitcase March=reps[reps/duration],none,,Dumbbell Suitcase March=review,mWBtgmb,dumbbell single arm overhead carry,dumbbell,https://static.exercisedb.dev/media/mWBtgmb.gif,rejected_material_mismatch,overhead walking carry conflicts with suitcase load and march mode,metadata_gate,1,Candidate rejected by accepted physical-compatibility gates.
visual_dumbbell_sumo_squat,Dumbbell Sumo Squat,bilateral_knee_dominant,squat,Dumbbell Sumo Squat[equipment=dumbbell; stance=sumo],,Dumbbell Sumo Squat=reps[reps],none,,Dumbbell Sumo Squat=review,HsvHqgf,dumbbell squat,dumbbell,https://static.exercisedb.dev/media/HsvHqgf.gif,rejected_material_mismatch,standard stance omits the defining sumo stance,metadata_gate,1,Candidate rejected by accepted physical-compatibility gates.
visual_dumbbell_tate_press,Dumbbell Tate Press,elbow_extension,tate_press,Dumbbell Tate Press[equipment=dumbbell+adjustable_bench; support_type=bench],,Dumbbell Tate Press=reps[reps],none,,Dumbbell Tate Press=review,s5PdDyY,dumbbell tate press,dumbbell,https://static.exercisedb.dev/media/s5PdDyY.gif,review_required,frames are Tate-like but provider instructions describe a generic press; confidence is insufficient,three_frame_inconclusive,1,Plausible candidate remains below exact-approval confidence.
visual_ez_bar_close_grip_floor_press,EZ-Bar Close-Grip Floor Press,horizontal_press,bench_press,EZ-Bar Close-Grip Floor Press[equipment=ez_bar+plates; grip=close; support_type=floor],,EZ-Bar Close-Grip Floor Press=reps[reps],none,,EZ-Bar Close-Grip Floor Press=review,da4cXST,ez-bar close-grip bench press,ez barbell,https://static.exercisedb.dev/media/da4cXST.gif,rejected_material_mismatch,bench support conflicts with the defining floor support,metadata_gate,1,Candidate rejected by accepted physical-compatibility gates.
visual_ez_bar_drag_curl,EZ-Bar Drag Curl,elbow_flexion,drag_curl,EZ-Bar Drag Curl[equipment=ez_bar+plates],,EZ-Bar Drag Curl=reps[reps],none,,EZ-Bar Drag Curl=no_match,IENzBdA,barbell drag curl,barbell,https://static.exercisedb.dev/media/IENzBdA.gif,rejected_material_mismatch,straight barbell equipment conflicts with accepted EZ-bar implementation,metadata_gate,1,Candidate rejected by accepted physical-compatibility gates.
visual_ez_bar_jm_press,EZ-Bar JM Press,elbow_extension,jm_press,EZ-Bar JM Press[equipment=ez_bar+plates+adjustable_bench; support_type=bench],,EZ-Bar JM Press=reps[reps],none,,EZ-Bar JM Press=review,hnOYgH3,ez barbell jm bench press,ez barbell,https://static.exercisedb.dev/media/hnOYgH3.gif,ascendapi_approved_exact,,three_representative_frames_approved,1,new_structured_exact
visual_ez_bar_overhead_triceps_extension,EZ-Bar Overhead Triceps Extension,elbow_extension,overhead_triceps_extension,EZ-Bar Overhead Triceps Extension[equipment=ez_bar+plates],,EZ-Bar Overhead Triceps Extension=reps[reps],none,,EZ-Bar Overhead Triceps Extension=review,iaapw0g,ez barbell seated triceps extension,ez barbell,https://static.exercisedb.dev/media/iaapw0g.gif,ascendapi_approved_exact,,three_representative_frames_approved,1,new_structured_exact
visual_ez_bar_preacher_style_curl,EZ-Bar Preacher-Style Curl,elbow_flexion,preacher_curl,EZ-Bar Preacher-Style Curl[equipment=ez_bar+plates+adjustable_bench; support_type=bench],,EZ-Bar Preacher-Style Curl=reps[reps],none,,EZ-Bar Preacher-Style Curl=review,hacCyUv,ez barbell close grip preacher curl,ez barbell,https://static.exercisedb.dev/media/hacCyUv.gif,review_required,close grip may be material for the unqualified preacher-style identity,not_visually_reviewed,1,Plausible candidate remains below exact-approval confidence.
visual_ez_bar_reverse_curl,EZ-Bar Reverse Curl,elbow_flexion,reverse_curl,EZ-Bar Reverse Curl[equipment=ez_bar+plates; grip=reverse],,EZ-Bar Reverse Curl=reps[reps],none,,EZ-Bar Reverse Curl=review,Y5X65IB,ez barbell reverse grip curl,ez barbell,https://static.exercisedb.dev/media/Y5X65IB.gif,ascendapi_approved_exact,,three_representative_frames_approved,1,new_structured_exact
visual_ez_bar_upright_row,EZ-Bar Upright Row,shoulder_elevation,upright_row,EZ-Bar Upright Row[equipment=ez_bar+plates; movement_direction=vertical],,EZ-Bar Upright Row=reps[reps],none,,EZ-Bar Upright Row=review,UDlhcO8,barbell upright row,barbell,https://static.exercisedb.dev/media/UDlhcO8.gif,rejected_material_mismatch,straight barbell equipment conflicts with accepted EZ-bar implementation,metadata_gate,1,Candidate rejected by accepted physical-compatibility gates.
visual_goblet_squat,Dumbbell Tempo Goblet Squat,bilateral_knee_dominant,goblet_squat,Dumbbell Tempo Goblet Squat[equipment=dumbbell; load_position=goblet],tempo,Dumbbell Tempo Goblet Squat=reps[reps],none,Goblet Squat,Dumbbell Tempo Goblet Squat=review,,,,,existing_local_visual_reuse,,existing_approved_local_media_not_reopened,1,Future visual-identity resolution can reuse the already approved local owner; runtime remains canonical-ID keyed.
visual_half_kneeling_hip_flexor_stretch,Half-Kneeling Hip Flexor Stretch,mobility,hip_flexor_stretch,Half-Kneeling Hip Flexor Stretch[body_position=half_kneeling; equipment=bodyweight; execution_mode=isometric],,Half-Kneeling Hip Flexor Stretch=duration[duration],none,,Half-Kneeling Hip Flexor Stretch=review,f38OEuO,kneeling lat stretch,body weight,https://static.exercisedb.dev/media/f38OEuO.gif,rejected_material_mismatch,kneeling lat stretch does not depict the accepted hip-flexor stretch,metadata_gate,1,Candidate rejected by accepted physical-compatibility gates.
visual_hanging_knee_raise,Hanging Knee Raise,trunk_flexion,hanging_knee_raise,Hanging Knee Raise[equipment=pull_up_bar; execution_mode=dynamic],,Hanging Knee Raise=reps[reps],none,,Hanging Knee Raise=review,VEcJRo2,hanging leg hip raise,body weight,https://static.exercisedb.dev/media/VEcJRo2.gif,ascendapi_approved_exact,,three_representative_frames_approved,1,new_structured_exact
visual_hanging_oblique_knee_raise,Hanging Oblique Knee Raise,lateral_trunk_flexion,hanging_oblique_knee_raise,Hanging Oblique Knee Raise[equipment=pull_up_bar; execution_mode=dynamic],,Hanging Oblique Knee Raise=reps[reps],none,,Hanging Oblique Knee Raise=exact,BaE7O6U,hanging oblique knee raise,body weight,https://static.exercisedb.dev/media/BaE7O6U.gif,ascendapi_approved_exact,,three_representative_frames_approved,1,retained_prior_exact
visual_heel_tap,Heel Tap,trunk_flexion,heel_tap,Heel Tap[equipment=bodyweight; execution_mode=dynamic],,Heel Tap=reps[reps],none,,Heel Tap=no_match,qaZVsGk,alternate heel touchers,body weight,https://static.exercisedb.dev/media/qaZVsGk.gif,ascendapi_approved_exact,,three_representative_frames_approved,1,new_structured_exact
visual_heel_walk,Heel Walk,gait_drill,heel_walk,Heel Walk[equipment=bodyweight; locomotion_mode=walk],,Heel Walk=distance[duration/distance],none,,Heel Walk=no_match,,,,,no_provider_candidate,no locally ranked V1 record survives the accepted physical-identity gates,not_applicable,1,No provider mapping is proposed.
visual_hollow_body_hold,Hollow Body Hold,core_anti_extension,hollow_hold,Hollow Body Hold[equipment=bodyweight; execution_mode=isometric],,Hollow Body Hold=duration[duration],none,,Hollow Body Hold=no_match,,,,,no_provider_candidate,no locally ranked V1 record survives the accepted physical-identity gates,not_applicable,1,No provider mapping is proposed.
visual_hollow_rock,Hollow Rock,trunk_flexion,hollow_rock,Hollow Rock[equipment=bodyweight],,Hollow Rock=reps[reps/duration],none,,Hollow Rock=no_match,,,,,no_provider_candidate,no locally ranked V1 record survives the accepted physical-identity gates,not_applicable,1,No provider mapping is proposed.
visual_lat_pulldown,Lat Pulldown,vertical_pull,lat_pulldown,Lat Pulldown[equipment=cable],,Lat Pulldown=reps[reps],none,,Lat Pulldown=review,RVwzP10,cable pulldown,cable,https://static.exercisedb.dev/media/RVwzP10.gif,ascendapi_approved_exact,,three_representative_frames_approved,1,new_structured_exact
visual_lateral_lunge,Lateral Lunge,unilateral_knee_dominant,lateral_lunge,Lateral Lunge[equipment=bodyweight; stance=split],,Lateral Lunge=reps[reps],none,,Lateral Lunge=no_match,,,,,no_provider_candidate,no locally ranked V1 record survives the accepted physical-identity gates,not_applicable,1,No provider mapping is proposed.
visual_low_incline_dumbbell_press,Low-Incline Dumbbell Press,horizontal_press,bench_press,Low-Incline Dumbbell Press[bench_angle=low_incline; equipment=dumbbell+adjustable_bench; support_type=bench],,Low-Incline Dumbbell Press=reps[reps],none,,Low-Incline Dumbbell Press=review,ns0SIbU,dumbbell incline bench press,dumbbell,https://static.exercisedb.dev/media/ns0SIbU.gif,rejected_material_mismatch,generic incline candidate does not verify the defining low-incline angle,metadata_gate,1,Candidate rejected by accepted physical-compatibility gates.
visual_machine_row,Machine Row,rowing,row,Machine Row[equipment=machine],,Machine Row=reps[reps],none,,Machine Row=review,7I6LNUG,lever seated row,leverage machine,https://static.exercisedb.dev/media/7I6LNUG.gif,ascendapi_approved_exact,,three_representative_frames_approved,1,new_structured_exact
visual_negative_pull_up,Negative Pull-Up,vertical_pull,pull_up,Negative Pull-Up[equipment=pull_up_bar; execution_mode=eccentric_only],,Negative Pull-Up=reps[reps],none,,Negative Pull-Up=no_match,lBDjFxJ,pull-up,body weight,https://static.exercisedb.dev/media/lBDjFxJ.gif,rejected_material_mismatch,full concentric pull-up does not depict eccentric-only execution,metadata_gate,1,Candidate rejected by accepted physical-compatibility gates.
visual_neutral_grip_pull_up,Neutral-Grip Pull-Up,vertical_pull,pull_up,Neutral-Grip Pull-Up[equipment=pull_up_bar; grip=neutral],,Neutral-Grip Pull-Up=reps[reps],none,,Neutral-Grip Pull-Up=exact,0V2YQjW,pull up (neutral grip),body weight,https://static.exercisedb.dev/media/0V2YQjW.gif,ascendapi_approved_exact,,three_representative_frames_approved,1,retained_prior_exact
visual_pause_squat,Pause Squat,bilateral_knee_dominant,barbell_squat_unspecified,Pause Squat[equipment=barbell+rack+plates],pause,Pause Squat=reps[reps],none,,Pause Squat=no_match,qXTaZnJ,barbell full squat,barbell,https://static.exercisedb.dev/media/qXTaZnJ.gif,rejected_material_mismatch,standard squat does not visually establish the intentionally distinct pause identity,metadata_gate,1,Candidate rejected by accepted physical-compatibility gates.
visual_pendlay_row,Pendlay Row,rowing,pendlay_row,Pendlay Row[equipment=barbell+plates],,Pendlay Row=reps[reps],none,,Pendlay Row=no_match,r0z6xzQ,barbell pendlay row,barbell,https://static.exercisedb.dev/media/r0z6xzQ.gif,ascendapi_approved_exact,,three_representative_frames_approved,1,new_structured_exact
visual_pike_push_up,Pike Push-Up,vertical_press,pike_push_up,Pike Push-Up[equipment=bodyweight],,Pike Push-Up=reps[reps],none,,Pike Push-Up=review,I4hDWkc,push-up,body weight,https://static.exercisedb.dev/media/I4hDWkc.gif,rejected_material_mismatch,standard horizontal push-up conflicts with pike vertical-press setup,metadata_gate,1,Candidate rejected by accepted physical-compatibility gates.
visual_plank_shoulder_tap,Plank Shoulder Tap,core_anti_rotation,plank_shoulder_tap,Plank Shoulder Tap[equipment=bodyweight; execution_mode=dynamic],,Plank Shoulder Tap=reps[reps/duration],none,,Plank Shoulder Tap=review,yRpV5TC,shoulder tap,body weight,https://static.exercisedb.dev/media/yRpV5TC.gif,ascendapi_approved_exact,,three_representative_frames_approved,1,new_structured_exact
visual_plate_curl,Plate Curl,elbow_flexion,curl,Plate Curl[equipment=plates],,Plate Curl=reps[reps],none,,Plate Curl=no_match,,,,,no_provider_candidate,no locally ranked V1 record survives the accepted physical-identity gates,not_applicable,1,No provider mapping is proposed.
visual_plate_front_raise,Plate Front Raise,shoulder_elevation,shoulder_raise,Plate Front Raise[equipment=plates],,Plate Front Raise=reps[reps],none,,Plate Front Raise=review,e4aFmFY,weighted front raise,weighted,https://static.exercisedb.dev/media/e4aFmFY.gif,ascendapi_approved_exact,,three_representative_frames_approved,1,new_structured_exact
visual_plate_pinch_carry,Plate Pinch Carry,loaded_carry,pinch_grip_carry,Plate Pinch Carry[equipment=plates; grip=pinch; locomotion_mode=walk],,Plate Pinch Carry=distance[duration/distance],none,,Plate Pinch Carry=no_match,,,,,no_provider_candidate,no locally ranked V1 record survives the accepted physical-identity gates,not_applicable,1,No provider mapping is proposed.
visual_prone_y_t_w_raise,Prone Y-T-W Raise,shoulder_mobility,prone_y_t_w_raise,Prone Y-T-W Raise[body_position=prone; equipment=bodyweight; execution_mode=dynamic],,Prone Y-T-W Raise=reps[reps],none,,Prone Y-T-W Raise=no_match,,,,,no_provider_candidate,no locally ranked V1 record survives the accepted physical-identity gates,not_applicable,1,No provider mapping is proposed.
visual_pull_up_bar_dead_hang,Pull-Up Bar Dead Hang,vertical_pull,bar_hang,Pull-Up Bar Dead Hang[equipment=pull_up_bar; execution_mode=isometric],,Pull-Up Bar Dead Hang=duration[duration],none,,Pull-Up Bar Dead Hang=review,,,,,no_provider_candidate,no locally ranked V1 record survives the accepted physical-identity gates,not_applicable,1,No provider mapping is proposed.
visual_pull_up_flexed_arm_hang,Pull-Up Flexed-Arm Hang,vertical_pull,flexed_arm_hang,Pull-Up Flexed-Arm Hang[equipment=pull_up_bar; execution_mode=isometric],,Pull-Up Flexed-Arm Hang=duration[duration],none,,Pull-Up Flexed-Arm Hang=no_match,,,,,no_provider_candidate,no locally ranked V1 record survives the accepted physical-identity gates,not_applicable,1,No provider mapping is proposed.
visual_push_press,Push Press,vertical_press,push_press,Push Press[equipment=barbell+rack+plates; execution_mode=dynamic; variant_extensions=lower_body_drive:deliberate],,Push Press=reps[reps],none,,Push Press=review,,,,,no_provider_candidate,no locally ranked V1 record survives the accepted physical-identity gates,not_applicable,1,No provider mapping is proposed.
visual_push_up,Tempo Push-Up,horizontal_press,push_up,Tempo Push-Up[equipment=bodyweight],tempo,Tempo Push-Up=reps[reps],none,Push-Up,Tempo Push-Up=no_match,,,,,existing_local_visual_reuse,,existing_approved_local_media_not_reopened,1,Future visual-identity resolution can reuse the already approved local owner; runtime remains canonical-ID keyed.
visual_quadruped_t_spine_rotation,Quadruped T-Spine Rotation,mobility,quadruped_t_spine_rotation,Quadruped T-Spine Rotation[body_position=quadruped; equipment=bodyweight; execution_mode=dynamic],,Quadruped T-Spine Rotation=reps[reps],none,,Quadruped T-Spine Rotation=no_match,,,,,no_provider_candidate,no locally ranked V1 record survives the accepted physical-identity gates,not_applicable,1,No provider mapping is proposed.
visual_reverse_lunge,Reverse Lunge,unilateral_knee_dominant,reverse_lunge,Reverse Lunge[equipment=bodyweight; stance=split],,Reverse Lunge=reps[reps],none,,Reverse Lunge=no_match,,,,,no_provider_candidate,no locally ranked V1 record survives the accepted physical-identity gates,not_applicable,1,No provider mapping is proposed.
visual_rope_cable_curl,Rope Cable Curl,elbow_flexion,curl,Rope Cable Curl[attachment=rope; equipment=cable+rope_cable_attachment],,Rope Cable Curl=reps[reps],none,,Rope Cable Curl=review,G08RZcQ,cable curl,cable,https://static.exercisedb.dev/media/G08RZcQ.gif,rejected_material_mismatch,generic cable curl omits the defining rope attachment and remains distinct from rope hammer curl,metadata_gate,1,Candidate rejected by accepted physical-compatibility gates.
visual_rope_face_pull,Rope Face Pull,rear_delt_retraction,face_pull,Rope Face Pull[attachment=rope; equipment=cable+rope_cable_attachment],,Rope Face Pull=reps[reps],none,,Rope Face Pull=review,,,,,no_provider_candidate,no locally ranked V1 record survives the accepted physical-identity gates,not_applicable,1,No provider mapping is proposed.
visual_rope_hammer_curl,Rope Hammer Curl,elbow_flexion,hammer_curl,Rope Hammer Curl[attachment=rope; equipment=cable+rope_cable_attachment; grip=hammer],,Rope Hammer Curl=reps[reps],none,,Rope Hammer Curl=no_match,HPlPoQA,cable hammer curl (with rope),cable,https://static.exercisedb.dev/media/HPlPoQA.gif,ascendapi_approved_exact,,three_representative_frames_approved,1,new_structured_exact
visual_scapular_push_up,Scapular Push-Up,horizontal_press,push_up,Scapular Push-Up[equipment=bodyweight; variant_extensions=range_of_motion_variant:scapular],,Scapular Push-Up=reps[reps],none,,Scapular Push-Up=review,jV65tKx,scapula push-up,body weight,https://static.exercisedb.dev/media/jV65tKx.gif,ascendapi_approved_exact,,three_representative_frames_approved,1,new_structured_exact
visual_seated_knee_tuck,Seated Knee Tuck,trunk_flexion,seated_knee_tuck,Seated Knee Tuck[body_position=seated; equipment=bodyweight; execution_mode=dynamic],,Seated Knee Tuck=reps[reps],none,,Seated Knee Tuck=no_match,,,,,no_provider_candidate,no locally ranked V1 record survives the accepted physical-identity gates,not_applicable,1,No provider mapping is proposed.
visual_side_plank_reach_through,Side Plank Reach-Through,lateral_core_stability,side_plank,Side Plank Reach-Through[equipment=bodyweight; execution_mode=dynamic; movement_direction=rotation],,Side Plank Reach-Through=reps[reps],none,,Side Plank Reach-Through=review,VO2qeJg,side plank hip adduction,body weight,https://static.exercisedb.dev/media/VO2qeJg.gif,rejected_material_mismatch,hip-adduction plank does not depict reach-through rotation,metadata_gate,1,Candidate rejected by accepted physical-compatibility gates.
visual_single_arm_cable_press,Single-Arm Cable Press,horizontal_press,standing_chest_press,Single-Arm Cable Press[equipment=cable; laterality=unilateral],,Single-Arm Cable Press=reps[reps],none,,Single-Arm Cable Press=review,GKEH6jj,cable one arm incline press,cable,https://static.exercisedb.dev/media/GKEH6jj.gif,review_required,one-arm press is plausible but provider metadata adds an incline angle absent from accepted variants,not_visually_reviewed,1,Plausible candidate remains below exact-approval confidence.
visual_single_arm_cable_row,Single-Arm Cable Row,rowing,row,Single-Arm Cable Row[equipment=cable; laterality=unilateral],,Single-Arm Cable Row=reps[reps],none,,Single-Arm Cable Row=review,EIsE3u8,cable one arm bent over row,cable,https://static.exercisedb.dev/media/EIsE3u8.gif,ascendapi_approved_exact,,three_representative_frames_approved,1,new_structured_exact
visual_stability_ball_dead_bug,Stability Ball Dead Bug,core_anti_extension,dead_bug,Stability Ball Dead Bug[equipment=exercise_ball; execution_mode=dynamic],,Stability Ball Dead Bug=reps[reps],none,,Stability Ball Dead Bug=review,iny3m5y,dead bug,body weight,https://static.exercisedb.dev/media/iny3m5y.gif,rejected_material_mismatch,plain dead bug omits the required stability ball,metadata_gate,1,Candidate rejected by accepted physical-compatibility gates.
visual_stability_ball_hamstring_curl,Stability Ball Hamstring Curl,knee_flexion,hamstring_curl,Stability Ball Hamstring Curl[equipment=exercise_ball],,Stability Ball Hamstring Curl=reps[reps],none,,Stability Ball Hamstring Curl=review,GOJKFfO,exercise ball one legged diagonal kick hamstring curl,stability ball,https://static.exercisedb.dev/media/GOJKFfO.gif,rejected_material_mismatch,one-leg diagonal kick conflicts with generic bilateral hamstring curl,three_frame_rejected,1,Candidate rejected by accepted physical-compatibility gates.
visual_stability_ball_plank,Stability Ball Plank,core_anti_extension,plank,Stability Ball Plank[equipment=bodyweight+exercise_ball; execution_mode=isometric],,Stability Ball Plank=duration[duration],none,,Stability Ball Plank=review,Y4BRNQF,push-up (on stability ball),stability ball,https://static.exercisedb.dev/media/Y4BRNQF.gif,rejected_material_mismatch,dynamic stability-ball push-up does not depict a plank hold,metadata_gate,1,Candidate rejected by accepted physical-compatibility gates.
visual_stability_ball_rollout,Stability Ball Rollout,core_anti_extension,rollout,Stability Ball Rollout[equipment=exercise_ball; execution_mode=dynamic],,Stability Ball Rollout=reps[reps],none,,Stability Ball Rollout=review,MCUhf1F,crunch (on stability ball),stability ball,https://static.exercisedb.dev/media/MCUhf1F.gif,rejected_material_mismatch,stability-ball crunch does not depict the accepted rollout movement,metadata_gate,1,Candidate rejected by accepted physical-compatibility gates.
visual_stability_ball_stir_the_pot,Stability Ball Stir-the-Pot,core_anti_extension,stir_the_pot,Stability Ball Stir-the-Pot[equipment=exercise_ball; execution_mode=dynamic],,Stability Ball Stir-the-Pot=reps[reps/duration],none,,Stability Ball Stir-the-Pot=review,,,,,no_provider_candidate,no locally ranked V1 record survives the accepted physical-identity gates,not_applicable,1,No provider mapping is proposed.
visual_stability_ball_wall_squat,Stability Ball Wall Squat,bilateral_knee_dominant,squat,Stability Ball Wall Squat[equipment=exercise_ball],,Stability Ball Wall Squat=reps[reps],none,,Stability Ball Wall Squat=review,,,,,no_provider_candidate,no locally ranked V1 record survives the accepted physical-identity gates,not_applicable,1,No provider mapping is proposed.
visual_stationary_bike,Bike Steady State; Bike Intervals; Bike Recovery Ride; Bike Tempo Ride; Bike Hill Intervals; Bike Easy Spin; Bike Cadence Drill,stationary_cycling,stationary_bike,Bike Steady State[equipment=bike] | Bike Intervals[equipment=bike] | Bike Recovery Ride[equipment=bike] | Bike Tempo Ride[equipment=bike] | Bike Hill Intervals[equipment=bike] | Bike Easy Spin[equipment=bike] | Bike Cadence Drill[equipment=bike],cadence_drill; easy; hill_intervals; intervals; recovery; steady_state; tempo,Bike Steady State=duration[duration/distance] | Bike Intervals=duration[duration/distance] | Bike Recovery Ride=duration[duration/distance] | Bike Tempo Ride=duration[duration/distance] | Bike Hill Intervals=duration[duration/distance] | Bike Easy Spin=duration[duration/distance] | Bike Cadence Drill=duration[duration],none,,Bike Steady State=review; Bike Intervals=review; Bike Recovery Ride=review; Bike Tempo Ride=no_match; Bike Hill Intervals=review; Bike Easy Spin=review; Bike Cadence Drill=review,H1PESYI,stationary bike run,stationary bike,https://static.exercisedb.dev/media/H1PESYI.gif,ascendapi_approved_exact,,three_representative_frames_approved,7,new_structured_exact
visual_suitcase_carry,Suitcase Carry,loaded_carry,suitcase_carry,Suitcase Carry[equipment=dumbbell; laterality=unilateral; load_position=suitcase; locomotion_mode=walk],,Suitcase Carry=distance[duration/distance],none,,Suitcase Carry=no_match,,,,,no_provider_candidate,no locally ranked V1 record survives the accepted physical-identity gates,not_applicable,1,No provider mapping is proposed.
visual_toe_walk,Toe Walk,gait_drill,toe_walk,Toe Walk[equipment=bodyweight; locomotion_mode=walk],,Toe Walk=distance[duration/distance],none,,Toe Walk=no_match,,,,,no_provider_candidate,no locally ranked V1 record survives the accepted physical-identity gates,not_applicable,1,No provider mapping is proposed.
visual_treadmill_easy_intervals,Treadmill Easy Intervals,treadmill_locomotion,treadmill_locomotion_unspecified,Treadmill Easy Intervals[equipment=treadmill; locomotion_mode=unspecified],easy_intervals,Treadmill Easy Intervals=duration[duration/distance],none,,Treadmill Easy Intervals=no_match,,,,,no_provider_candidate,no locally ranked V1 record survives the accepted physical-identity gates,not_applicable,1,No provider mapping is proposed.
visual_treadmill_easy_jog,Treadmill Easy Jog,treadmill_locomotion,treadmill_jog,Treadmill Easy Jog[equipment=treadmill; locomotion_mode=jog],easy,Treadmill Easy Jog=duration[duration/distance],none,,Treadmill Easy Jog=no_match,,,,,no_provider_candidate,no locally ranked V1 record survives the accepted physical-identity gates,not_applicable,1,No provider mapping is proposed.
visual_treadmill_hill_intervals,Treadmill Hill Intervals,treadmill_locomotion,treadmill_locomotion_unspecified,Treadmill Hill Intervals[equipment=treadmill; locomotion_mode=unspecified; variant_extensions=grade:incline],hill_intervals,Treadmill Hill Intervals=duration[duration/distance],none,,Treadmill Hill Intervals=no_match,,,,,no_provider_candidate,no locally ranked V1 record survives the accepted physical-identity gates,not_applicable,1,No provider mapping is proposed.
visual_treadmill_incline_walk,Treadmill Incline Walk,treadmill_locomotion,treadmill_walk,Treadmill Incline Walk[equipment=treadmill; locomotion_mode=walk; variant_extensions=grade:incline],,Treadmill Incline Walk=duration[duration/distance],none,,Treadmill Incline Walk=no_match,rjiM4L3,walking on incline treadmill,leverage machine,https://static.exercisedb.dev/media/rjiM4L3.gif,ascendapi_approved_exact,,three_representative_frames_approved,1,new_structured_exact
visual_treadmill_intervals,Treadmill Intervals,treadmill_locomotion,treadmill_locomotion_unspecified,Treadmill Intervals[equipment=treadmill; locomotion_mode=unspecified],intervals,Treadmill Intervals=duration[duration/distance],none,,Treadmill Intervals=no_match,,,,,no_provider_candidate,no locally ranked V1 record survives the accepted physical-identity gates,not_applicable,1,No provider mapping is proposed.
visual_treadmill_tempo_run,Treadmill Tempo Run,treadmill_locomotion,treadmill_run,Treadmill Tempo Run[equipment=treadmill; locomotion_mode=run],tempo,Treadmill Tempo Run=duration[duration/distance],none,,Treadmill Tempo Run=no_match,,,,,no_provider_candidate,no locally ranked V1 record survives the accepted physical-identity gates,not_applicable,1,No provider mapping is proposed.
visual_treadmill_walk,Treadmill Recovery Walk,treadmill_locomotion,treadmill_walk,Treadmill Recovery Walk[equipment=treadmill; locomotion_mode=walk],recovery,Treadmill Recovery Walk=duration[duration/distance],none,Treadmill Walk,Treadmill Recovery Walk=no_match,,,,,existing_local_visual_reuse,,existing_approved_local_media_not_reopened,1,Future visual-identity resolution can reuse the already approved local owner; runtime remains canonical-ID keyed.
visual_waiter_carry,Waiter Carry,loaded_carry,waiter_carry,Waiter Carry[equipment=dumbbell; laterality=unilateral; load_position=overhead; locomotion_mode=walk],,Waiter Carry=distance[duration/distance],none,,Waiter Carry=no_match,mWBtgmb,dumbbell single arm overhead carry,dumbbell,https://static.exercisedb.dev/media/mWBtgmb.gif,ascendapi_approved_exact,,three_representative_frames_approved,1,new_structured_exact
visual_wall_push_up,Wall Push-Up,horizontal_press,push_up,Wall Push-Up[body_position=standing; equipment=bodyweight; support_type=wall],,Wall Push-Up=reps[reps],none,,Wall Push-Up=review,LEH9jxP,push-up (wall),body weight,https://static.exercisedb.dev/media/LEH9jxP.gif,ascendapi_approved_exact,,three_representative_frames_approved,1,new_structured_exact
visual_wall_sit,Wall Sit,bilateral_knee_dominant,wall_sit,Wall Sit[equipment=bodyweight; execution_mode=isometric],,Wall Sit=duration[duration],none,,Wall Sit=review,sVQCCeG,march sit (wall),body weight,https://static.exercisedb.dev/media/sVQCCeG.gif,rejected_material_mismatch,marching wall sit conflicts with accepted isometric wall sit,metadata_gate,1,Candidate rejected by accepted physical-compatibility gates.
visual_wall_slide,Wall Slide,shoulder_mobility,wall_slide,Wall Slide[equipment=bodyweight; execution_mode=dynamic; support_type=wall],,Wall Slide=reps[reps],none,,Wall Slide=no_match,LEH9jxP,push-up (wall),body weight,https://static.exercisedb.dev/media/LEH9jxP.gif,rejected_material_mismatch,wall push-up does not depict a wall slide,metadata_gate,1,Candidate rejected by accepted physical-compatibility gates.
